DocId;Name;Text;Organization;Position;Nature;Sublevel;Sublevel2;Start;End;Confidence;;
imh-34-1019;宋子文;Board of Directors;Bank of China;POST;;Board of Directors;;2633;2651;0,73;;
imh-34-1019;宋子文;the Bank of China,;Bank of China;POST;;;;2655;2673;1;;
imh-34-1019;宋子文;"the Central Bank;";Central Bank of China;POST;;;;767;784;1;;
imh-34-1019;宋子文;Columbia University;Columbia University;US;;;;306;325;1;;
imh-34-1019;宋子文;"the Executive Yuan;";Executive Yuan;POST;;;;1296;1315;1;;
imh-34-1019;宋子文;"the Executive Yuan;";Executive Yuan;POST;;;;1801;1820;1;;
imh-34-1019;宋子文;the Han-Yeh-Ping Coal and Iron Works, Ltd.,;Han-Yeh-Ping Coal and Iron Works;POST;;;;503;546;1;;
imh-34-1019;宋子文;Harvard University;Harvard University;US;;;;250;268;0,99;;
imh-34-1019;宋子文;the Kuomintan^ Party,;Kuomintang;POST;;;;1150;1171;1;;
imh-34-1019;宋子文;"the National Economic Council;";National Economic Council;POST;;;;2088;2118;1;;
imh-34-1019;宋子文;the National Flood Relief Association,;National Flood Relief Association;POST;;;;1335;1373;1;;
imh-34-1019;宋子文;the NAtionalist Government;Nationalist Government (Nanking);POST;;;;634;660;1;;
imh-34-1019;宋子文;the Department of Commerce,;Nationalist Government (Nanking);POST;;Department of Commerce;;687;714;1;;
imh-34-1019;宋子文;the Nationalist Government,;Nationalist Government (Nanking);POST;;;;887;914;0,99;;
imh-34-1019;宋子文;the Nationalist Government;Nationalist Government (Nanking);POST;;;;1063;1089;0,99;;
imh-34-1019;宋子文;the Nanking Government;Nationalist Government (Nanking);POST;;;;1227;1249;0,97;;
imh-34-1019;宋子文;the. Government;Nationalist Government (Nanking);POST;;;;1596;1611;0,76;;
imh-34-1019;宋子文;the Canton Nationalist Forces;Revolutionary Government (Canton);POST;;Canton Nationalist Forces;;941;970;0,9;;
imh-34-1019;宋子文;St. John's University,;St. John's University;PRE;;;;160;182;0,99;;
imh-34-1019;宋子文;"the U.S. Government;";United States Government;POST;;;;1986;2006;0,94;;
imh-34-105;趙深;Allied Architects;Allied Architects;POST;;;;583;600;0,99;;
imh-34-105;趙深;International Club,;International Club;POST;;;;1678;1697;1;;
imh-34-105;趙深;Ministry of Foreign Affairs;Ministry of Foreign Affairs;POST;;;;919;946;0,63;;
imh-34-105;趙深;the Ministry of Railways;Ministry of Railways;POST;;;;833;857;0,67;;
imh-34-105;趙深;the Architectural Board;Municipality of Greater Shanghai;POST;;Shanghai Civic Center Planning Commission;Architectural Board;1425;1448;0,99;;
imh-34-105;趙深;the National Commercial Bank;National Commercial Bank;POST;;;;792;820;0,9;;
imh-34-105;趙深;the Officers' Moral Endeavour Association,;Officers' Moral Endeavour Association;POST;;;;868;910;0,95;;
imh-34-105;趙深;Shanghai Banker's Club,;Shanghai Banker's Club;POST;;;;1626;1649;0,99;;
imh-34-105;趙深;Society of Chinese Architects,;Society of Chinese Architects;POST;;;;1711;1741;1;;
imh-34-105;趙深;Tau Sigma Delta,;Tau Sigma Delta;POST;;;;1543;1559;0,99;;
imh-34-105;趙深;Tsing Hua Alumni Association,;Tsing Hua Alumni Association;POST;;;;1596;1625;1;;
imh-34-105;趙深;Tsinghua College,;Tsing Hua College;PRE;;;;102;119;1;;
imh-34-105;趙深;University of Pennsylvania, Philadelphia,;University of Pennsylvania;US;;;;161;202;1;;
imh-34-105;趙深;University of Pennsylvania Alumnus,;University of Pennsylvania;POST;;;;1560;1595;0,94;;
imh-34-105;趙深;Y's Men's Club of Shanghai,;Y's Men's Club;POST;;;;1650;1677;0,95;;
imh-34-1085;蔡雄;"the International Convention of Industry and Commerce;";International Convention of Industry and Commerce;POST;;;;365;419;1;;
imh-34-1085;蔡雄;Lehigh University,;Lehigh University;US;;;;117;135;0,99;;
imh-34-1085;蔡雄;"the Manufacturers* Federation of China;";Manufacturers Federation of China;POST;;;;432;471;1;;
imh-34-1085;蔡雄;the Mayar Silk Mills,;Mayar Silk Mills;POST;;;;188;209;1;;
imh-34-1085;蔡雄;Mayar Silk Works,;Mayar Silk Works;POST;;;;481;498;0,99;;
imh-34-1085;蔡雄;"the OBK Society;";OBK Society;POST;;;;288;304;1;;
imh-34-1085;蔡雄;Shanghai Silk Mills Association:;Shanghai Silk Mills Association;POST;;;;320;352;1;;
imh-34-1085;蔡雄;the Tse Yar Machine Works Ltd.,;Tse Yar Machine Works Ltd;POST;;;;236;267;1;;
imh-34-1094;蔡增基;"City Government of Canton;";Canton Municipal Government;POST;;;;274;300;0,48;;
imh-34-1094;蔡增基;Columbia University,;Columbia University;US;;;;169;189;0,99;;
imh-34-1094;蔡增基;"the Ministry of Communications;";Ministry of Communications;POST;;;;333;364;0,99;;
imh-34-1094;蔡增基;"the Ministry of Finance;";Ministry of Finance;POST;;;;564;588;0,99;;
imh-34-1094;蔡增基;Ministry of Railways;Ministry of Railways;POST;;;;410;430;0,99;;
imh-34-1094;蔡增基;Land,;Municipality of Greater Shanghai;POST;;Commissioner of Land;;670;675;0,52;;
imh-34-1094;蔡增基;"City Government of Greater Shanghai;";Municipality of Greater Shanghai;POST;;;;676;712;0,95;;
imh-34-1094;蔡增基;"Bureau of ; Finance^ City Government of Greater, Shanghai,";Municipality of Greater Shanghai;POST;;Bureau of Finance;;722;780;0,93;;
imh-34-1094;蔡增基;"the National Government;";Nationalist Government (Nanking);POST;;;;434;458;0,83;;
imh-34-1094;蔡增基;"Shanghai- Ningpo-Hangchow Railways;";Shanghai-Hangchow-Ningpo Railway;POST;;;;505;540;0,55;;
imh-34-1094;蔡增基;Shanghai-Nankipg;Shanghai-Nanking Railway;POST;;;;484;500;0,59;;
imh-34-1097;曹晨濤;the Central Hospital,;Central Hospital;POST;;;;563;584;1;;
imh-34-1097;曹晨濤;Edison General Electric Com.,;Edison General Electric Company;POST;;;;676;705;1;;
imh-34-1097;曹晨濤;Harvard Medical School of China,;Harvard Medical School of China;PRE;;;;175;207;0,99;;
imh-34-1097;曹晨濤;Harvard Medical School of Boston;Harvard University;US;;Harvard Medical School;;220;252;0,89;;
imh-34-1097;曹晨濤;the Orthopedic Hospital of Shanghai,;Orthopedic Hospital of Shanghai;POST;;;;735;771;1;;
imh-34-1097;曹晨濤;Peking UiHon Medical College Hospital,;Peking Union Medical College;POST;;Peking Union Medical College Hospital;;409;447;1;;
imh-34-1097;曹晨濤;Public Shanghai Hospital,;Public Shanghai Hospital;POST;;;;625;650;1;;
imh-34-1097;曹晨濤;St. John's University,;St. John's University;PRE;;;;114;136;1;;
imh-34-1097;曹晨濤;Shanghai Coliepre,;University of Shanghai;PRE;;;;146;164;0,99;;
imh-34-1101;曹雲祥;Chinese American Returned Students Association^;American Returned Students Association;POST;;;;1983;2030;1;;
imh-34-1101;曹雲祥;American University Club,;American University Club (Shanghai);POST;;;;1924;1949;1;;
imh-34-1101;曹雲祥;British Foreign Bible Society;British Foreign Bible Society;POST;;;;1189;1218;1;;
imh-34-1101;曹雲祥;the British-American Tobacco Co, (China), Ltd.,;British-American Tobacco Co China Ltd;POST;;;;1789;1836;0,99;;
imh-34-1101;曹雲祥;"the Central Bank of China;";Central Bank of China;POST;;;;2125;2151;1;;
imh-34-1101;曹雲祥;China Institute of Scientific Management;China Institute of Scientific Management;POST;;;;1869;1909;1;;
imh-34-1101;曹雲祥;the China Society,;China Society (London);POST;;;;1154;1172;1;;
imh-34-1101;曹雲祥;Chinese Students' Club,;Chinese Students' Club (Yale);US;;;;770;793;1;;
imh-34-1101;曹雲祥;Chinese Students Monthly,;Chinese Students' Monthly;US;;;;812;837;0,98;;
imh-34-1101;曹雲祥;Fu Yang Middle School,;Fu Yang Middle School;PRE;;;;264;286;0,99;;
imh-34-1101;曹雲祥;Harvard University,;Harvard University;US;;;;926;945;0,99;;
imh-34-1101;曹雲祥;Ih-Cu Middle School,;Ih-Cu Middle School;PRE;;;;306;326;1;;
imh-34-1101;曹雲祥;the Chinese ^Legation*;Ministry of Foreign Affairs;POST;;Chinese Legation in London;;1023;1045;0,98;;
imh-34-1101;曹雲祥;the Chinese Legation;Ministry of Foreign Affairs;POST;;Chinese Legation in Copenhagen;;1414;1434;0,96;;
imh-34-1101;曹雲祥;the Ministry of Foreign Affairs;Ministry of Foreign Affairs;POST;;;;1526;1557;1;;
imh-34-1101;曹雲祥;the Nanfangpao,;Nanfangpao;PRE;;;;354;369;0,97;;
imh-34-1101;曹雲祥;"the Royal Society of Literature;";Royal Society of Literature;POST;;;;1248;1280;1;;
imh-34-1101;曹雲祥;St. John's University,;St. John's University;PRE;;;;170;192;1;;
imh-34-1101;曹雲祥;"St. John's，1900-03;";St. John's University;PRE;;;;236;255;0,99;;
imh-34-1101;曹雲祥;Taingrhua College,;Tsing Hua College;POST;;;;1667;1685;0,99;;
imh-34-1101;曹雲祥;tbe Western Returned Student's Union;Western Returned Student's Union;POST;;;;1318;1354;1;;
imh-34-1101;曹雲祥;the Yale Cosmopolitan Club,;Yale Cosmopolitan Club;US;;;;721;748;1;;
imh-34-1101;曹雲祥;Yale Debating Association,;Yale Debating Association;US;;;;623;649;0,99;;
imh-34-1101;曹雲祥;Yale University,;Yale University;US;;;;430;446;0,99;;
imh-34-1110;曾養甫;Reconstruction;Chekiang Provincial Government;POST;;Commissioner of Reconstruction;;1042;1056;0,46;;
imh-34-1110;曾養甫;the Chekiang Provincial Government,;Chekiang Provincial Government;POST;;;;1409;1444;0,91;;
imh-34-1110;曾養甫;the Construction Commission;Construction Commission;POST;;;;1116;1143;1;;
imh-34-1110;曾養甫;the Construction Commission;Construction Commission;POST;;;;1277;1304;1;;
imh-34-1110;曾養甫;the Headquarters of the Generalissimo of the Revolutionary Army,;Generalissimo Revolutionary Army ;POST;;;;937;1001;0,95;;
imh-34-1110;曾養甫;the Central Party HeadQuarters,;Kuomintang;POST;;Central Party HeadQuarters;;646;677;0,92;;
imh-34-1110;曾養甫;the Central Party Headquarters,;Kuomintang;POST;;Central Party HeadQuarters;;723;754;0,98;;
imh-34-1110;曾養甫;the Canton City Party Headquarters,;Kuomintang;POST;;Canton City Party Headquarters;;777;812;0,96;;
imh-34-1110;曾養甫;the Central Executive Committee;Kuomintang;POST;;Central Executive Committee;;1320;1351;1;;
imh-34-1110;曾養甫;"the Kuomintanfi：;";Kuomintang;POST;;;;1355;1372;0,76;;
imh-34-1110;曾養甫;the Kwan^rtun^ Provincial Party Headquarters,;Kwangtung Provincial Party Headquarters;POST;;;;833;878;0,96;;
imh-34-1110;曾養甫;Provincial Government,;Kwantung Provincial Government;POST;;Commissioner of Reconstruction;;1074;1096;0,87;;
imh-34-1110;曾養甫;the Highway Construction Department;Military Affairs Commission;POST;;Wuchang Headquarters;Highway Construction Department;1483;1518;0,98;;
imh-34-1110;曾養甫;the Wuchang Headquarters;Military Affairs Commission;POST;;Wuchang Headquarters;Highway Construction Department;1522;1546;0,83;;
imh-34-1110;曾養甫;"the Military Affairs Commission;";Military Affairs Commission;POST;;;;1567;1599;0,99;;
imh-34-1110;曾養甫;Ministry of Railways,;Ministry of Railways;POST;;;;1640;1661;1;;
imh-34-1110;曾養甫;the National Government;Nationalist Government (Nanking);POST;;;;1150;1173;0,98;;
imh-34-1110;曾養甫;Feiyanfi： University;Peiyang University;PRE;;;;135;155;0,99;;
imh-34-1110;曾養甫;"the Pittsbnrfi： Glass Works;";Pittsburg Glass Works;US;;;;409;437;1;;
imh-34-1110;曾養甫;the Pittsburg University,;Pittsburg University;US;;;;187;212;0,99;;
imh-34-1110;曾養甫;the Pittsburg Valley Mining Co.,;Pittsburg Valley Mining Co;US;;;;301;333;1;;
imh-34-1110;曾養甫;the Revolutionary Government;Revolutionary Government (Canton);POST;;;;445;473;1;;
imh-34-1110;曾養甫;the Tenson Paint Manofacturing Co.;Tenson Paint Manufacturing Co;US;;;;352;386;1;;
imh-34-1126;董大酉;"the Journal of Chinese Institute of Engineers;";Chinese Institute of Engineers;POST;;Journal;;1415;1461;1;;
imh-34-1126;董大酉;Columbia University,;Columbia University;US;;;;574;594;1;;
imh-34-1126;董大酉;E. Suensen and Co.,;E. Suensen and Co;US;;;;747;766;1;;
imh-34-1126;董大酉;the City Planning： Commission of;Municipality of Greater Shanghai;POST;;City Planning Commission;;804;836;0,93;;
imh-34-1126;董大酉;"the Society of Chinese Architects;";Society of Chinese Architects;POST;;;;1345;1379;1;;
imh-34-1126;董大酉;Tsinghua College,;Tsing Hua College;PRE;;;;275;292;1;;
imh-34-1126;董大酉;University of Minnesota,;University of Minnesota;US;;;;381;405;0,99;;
imh-34-1137;王正廷;the China National University at Peiping;China National University;POST;;;;5390;5430;0,97;;
imh-34-1137;王正廷;Customs;Customs Tariff Conference;POST;;;;4928;4935;0,8;;
imh-34-1137;王正廷;the Extraordinary Parliament;Extraordinary Parliament (Canton);POST;;;;2291;2319;0,99;;
imh-34-1137;王正廷;the Hua Feng Cotton Mill Co.;Hua Feng Cotton Mill Co;POST;;;;2744;2772;1;;
imh-34-1137;王正廷;Hunan Provincial High School;Hunan Provincial High School;PRE;;;;307;335;0,95;;
imh-34-1137;王正廷;Kuomintang,;Kuomintang;POST;;;;1612;1623;0,93;;
imh-34-1137;王正廷;Kuomintangr;Kuomintang;POST;;;;1709;1720;0,95;;
imh-34-1137;王正廷;the Central Executive Committee of the Kuomin- tang,;Kuomintang;POST;;Central Executive Committee;;5203;5255;0,93;;
imh-34-1137;王正廷;the Central Political Council;Kuomintang;POST;;Central Political Council;;5268;5297;1;;
imh-34-1137;王正廷;the Foreign Affairs Division of;Kuomintang;POST;;Central Political Council;Foreign Affairs Division;5314;5345;0,91;;
imh-34-1137;王正廷;"the Central Political Council;";Kuomintang;POST;;Central Political Council;;5346;5376;0,92;;
imh-34-1137;王正廷;"the Liu Ho Kou Coal Mining Co.;";Liu Ho Kou Coal Mining Co;POST;;;;4455;4486;1;;
imh-34-1137;王正廷;"the Liu Ho Kou Mining Co"" Ltd;";Liu Ho Kou Mining Co Ltd;POST;;;;5559;5589;1;;
imh-34-1137;王正廷;the Lung-Hai Railway;Lung-Hai Railway;POST;;;;4993;5013;0,99;;
imh-34-1137;王正廷;"the Ministry of Foreign Affairs;";Ministry of Foreign Affairs;POST;;;;4358;4390;0,99;;
imh-34-1137;王正廷;the Committee of Foreign Affairs;Ministry of Foreign Affairs;POST;;;;5076;5108;1;;
imh-34-1137;王正廷;Industry;Ministry of Industry and Commerce;POST;;;;1307;1315;0,62;;
imh-34-1137;王正廷;Industry;Ministry of Industry and Commerce;POST;;;;1388;1396;0,5;;
imh-34-1137;王正廷;the First Republican Cabinet;National Government (Peking);POST;;First Republican Cabinet;;1203;1231;0,9;;
imh-34-1137;王正廷;the Peking* Government;National Government (Peking);POST;;;;2945;2967;0,99;;
imh-34-1137;王正廷;the Peking Government;National Government (Peking);POST;;;;4693;4714;0,98;;
imh-34-1137;王正廷;the Educational Sinking Funds Commission;National Loans Sinking Fund Commission;POST;;;;3817;3857;1;;
imh-34-1137;王正廷;Provisional Government;National Provisional Government;POST;;;;1090;1112;1;;
imh-34-1137;王正廷;the Committee of Foreign Affairs;Nationalist Government (Nanking);POST;;Committee of Foreign Affairs;;5076;5108;1;;
imh-34-1137;王正廷;the Nationalist Government;Nationalist Government (Nanking);POST;;;;5112;5138;0,98;;
imh-34-1137;王正廷;the National Government;Nationalist Government (Nanking);POST;;;;5457;5480;1;;
imh-34-1137;王正廷;the Northern Government,;Northern Government;POST;;;;2541;2565;0,94;;
imh-34-1137;王正廷;Parliament;Parliament (Peking);POST;;;;1455;1465;0,89;;
imh-34-1137;王正廷;Parliament;Parliament (Peking);POST;;;;1554;1564;0,99;;
imh-34-1137;王正廷;"Parliament;";Parliament (Peking);POST;;;;1792;1803;0,99;;
imh-34-1137;王正廷;Parliament;Parliament (Peking);POST;;;;1825;1835;0,99;;
imh-34-1137;王正廷;the First Parliament;Parliament (Peking);POST;;First Parliament;;1993;2013;0,86;;
imh-34-1137;王正廷;Parliament;Parliament (Peking);POST;;;;2134;2144;0,96;;
imh-34-1137;王正廷;Pei-yang University,;Peiyang University;PRE;;;;219;239;1;;
imh-34-1137;王正廷;"Phi Beta Pappa;";Phi Beta Kappa;US;;;;567;582;0,98;;
imh-34-1137;王正廷;the Southern Government;Revolutionary Government (Canton);POST;;;;2358;2381;0,83;;
imh-34-1137;王正廷;Senate;Senate;POST;;;;1534;1540;1;;
imh-34-1137;王正廷;Senate;Senate;POST;;;;2076;2082;1;;
imh-34-1137;王正廷;"the Shantung Rehabilitation Commission;";Shantung Rehabilitation Commission;POST;;;;3081;3120;1;;
imh-34-1137;王正廷;the Bureau for the Preparation of the Special Tariff Revision Commission;Special Tariff Revision Commission;POST;;Preparation Bureau;;3527;3599;1;;
imh-34-1137;王正廷;St. John's University,;St. John's University;POST;;;;2879;2901;1;;
imh-34-1137;王正廷;Tientsin Anglo- Chinese College;Tientsin Anglo-Chinese College;PRE;;;;271;302;0,87;;
imh-34-1137;王正廷;University of Michigan;University of Michigan;US;;;;456;478;0,99;;王正廷
imh-34-1137;王正廷;Y.M,C.A.;Y.M.C.A.;Other;;Chinese Y.M.C.A in Tpkyo;;416;424;0,99;;
imh-34-1137;王正廷;"Y.M.C.A.;";Y.M.C.A.;POST;;;;693;702;0,95;;
imh-34-1137;王正廷;"the National Committee Y.M.C.A. of China;";Y.M.C.A.;POST;;National Committee of China;;1904;1945;0,99;;
imh-34-1137;王正廷;Yale;Yale University;US;;;;494;498;0,99;;
imh-34-1208;韋憲章;Andersen Meyer & Company Hankow,;Andersen Meyer & Company;POST;;;;516;548;0,99;;
imh-34-1208;韋憲章;Property Department, Butterfield and Swire, Hankow,;Butterfield and Swire;POST;;Property Department;;696;747;0,92;;
imh-34-1208;韋憲章;the Central Mint,;Central Mint;POST;;;;817;834;1;;
imh-34-1208;韋憲章;The Central Mint,;Central Mint;POST;;;;867;884;1;;
imh-34-1208;韋憲章;Cheater Manufacturing Co.,;Cheater Manufacturing Co;US;;;;453;479;1;;
imh-34-1208;韋憲章;the Knox Hat Company;Knox Hat Company;US;;;;413;433;0,99;;
imh-34-1208;韋憲章;Nanyang Bros. Tobacco Co. Hankow;Nanyang Bros. Tobacco Co.;POST;;;;588;620;0,97;;
imh-34-1208;韋憲章;"Psi Fraternity;";Phi Psi Fraternity;US;;;;246;261;0,99;;
imh-34-1208;韋憲章;Philadelphia Textile Academy;Philadelphia Textile Academy;US;;;;208;236;0,99;;
imh-34-1208;韋憲章;St. John's University;St. John's University;PRE;;;;157;178;1;;
imh-34-1208;韋憲章;the Wharton School of Commerce and Finance, University of Pennsylvania,;University of Pennsylvania;US;;;;274;345;0,97;;
imh-34-1208;韋憲章;the Wharton School of Commerce and Finance, University of Pennsylvania,;Wharton School of Commerce and Finance;US;;;;274;345;0,97;;
imh-34-1222;溫毓慶;the Bureau of International Telegraphs,;Bureau of International Telegraphs;POST;;;;500;539;1;;
imh-34-1222;溫毓慶;the Bureau of International Telegraphs;Bureau of International Telegraphs;POST;;;;702;740;1;;
imh-34-1222;溫毓慶;the Chinese Government Radio Station;Chinese Government Radio Station;POST;;;;575;611;0,99;;
imh-34-1222;溫毓慶;Customs College;Customs College;POST;;Customs College;;463;478;1;;
imh-34-1222;溫毓慶;Harvard University,;Harvard University;US;;;;177;196;1;;
imh-34-1222;溫毓慶;"Harvard;";Harvard University;US;;;;253;261;1;;
imh-34-1222;溫毓慶;Harvard University;Harvard University;US;;;;331;349;1;;
imh-34-1222;溫毓慶;Jefferson Laboratory,;Jefferson Laboratory;US;;;;309;330;0,93;;
imh-34-1222;溫毓慶;Ministry of Communications,;Ministry of Communications;POST;;;;540;567;0,89;;
imh-34-1222;溫毓慶;the Purchasing Committee;Ministry of Communications;POST;;Purchasing Committee;;770;794;0,99;;
imh-34-1222;溫毓慶;the Ministry of Comunica- tions,;Ministry of Communications;POST;;;;798;830;1;;
imh-34-1222;溫毓慶;the Department of Telegraph Administration;Ministry of Communications;POST;;Department of Telegraph Administration;;852;894;1;;
imh-34-1222;溫毓慶;the Ministry of Communications,;Ministry of Communications;POST;;;;898;929;1;;
imh-34-1222;溫毓慶;the Ministry of Finance,;Ministry of Finance;POST;;;;646;670;1;;
imh-34-1222;溫毓慶;Peking University,;Peking Government University;POST;;;;421;439;1;;
imh-34-1222;溫毓慶;Tsing Hua College,;Tsing Hua College;PRE;;;;138;156;1;;
imh-34-1222;溫毓慶;Tsing Hua College;Tsing Hua College;POST;;;;381;398;1;;
imh-34-1231;吳經熊;the Carnegie Endowment for International Peace;Carnegie Endowment for International Peace;US;;;;1053;1099;1;;
imh-34-1231;吳經熊;the Committee;Committee for drafting a permanent Constitution for China;POST;;;;3278;3291;0,94;;
imh-34-1231;吳經熊;the Comparative Law School of China;Comparative Law School of China;PRE;;;;591;626;1;;
imh-34-1231;吳經熊;the Comparative Law School of China;Comparative Law School of China;POST;;;;1565;1600;0,99;;
imh-34-1231;吳經熊;Harvard University;Harvard University;US;;;;1348;1366;0,99;;
imh-34-1231;吳經熊;Harvard law school;Harvard University;POST;;Harvard Law School;;2749;2767;0,87;;
imh-34-1231;吳經熊;Hsiao Shih College;Hsiao Shih College;PRE;;;;382;400;1;;
imh-34-1231;吳經熊;the Central Political Council;Kuomintang;POST;;Central Political Council;;3165;3194;1;;
imh-34-1231;吳經熊;Law Codification Committee;Law Codification Committee;POST;;;;3376;3402;0,99;;
imh-34-1231;吳經熊;the Legislative Yuan;Legislative Yuan;POST;;;;3141;3161;1;;
imh-34-1231;吳經熊;Yuan;Legislative Yuan;POST;;;;3243;3247;0,99;;
imh-34-1231;吳經熊;the Legislative Yuan;Legislative Yuan;POST;;;;3406;3426;0,95;;
imh-34-1231;吳經熊;the Ministry of Justice;Ministry of Justice;POST;;;;2147;2170;1;;
imh-34-1231;吳經熊;"the City Government of Greater Shanghai;";Municipality of Greater Shanghai;POST;;;;3057;3097;0,94;;
imh-34-1231;吳經熊;Northwestern University;Northwestern University;POST;;;;2580;2603;1;;
imh-34-1231;吳經熊;Peiyang University;Peiyang University;PRE;;;;507;525;1;;
imh-34-1231;吳經熊;Shanghai Baptist College;Shanghai Baptist College;PRE;;;;423;447;1;;
imh-34-1231;吳經熊;"the Shanghai Municipal Council;";Shanghai Municipal Council;POST;;;;2952;2983;0,99;;
imh-34-1231;吳經熊;the Shanghai Provisional Court;Shanghai Provisional Court;POST;;;;1936;1966;0,99;;
imh-34-1231;吳經熊;the Provisional Court;Shanghai Provisional Court;POST;;;;2224;2245;1;;
imh-34-1231;吳經熊;Court;Shanghai Provisional Court;POST;;;;2458;2463;0,91;;
imh-34-1231;吳經熊;the Provisional Council;Shanghai Provisional Court;POST;;;;3030;3053;0,99;;
imh-34-1231;吳經熊;the University Of the Sorbonne;Sorbonne University;Other;;;;1115;1145;1;;
imh-34-1231;吳經熊;the Sun Yat-sen Institute for the Advancement of Culture and Education;Sun Yat-sen Institute for the Advancement of Culture and Education;POST;;;;3450;3520;1;;
imh-34-1231;吳經熊;Tien Hsia Monthly,;Tien Hsia Monthly;POST;;;;4054;4072;1;;
imh-34-1231;吳經熊;the University of Berlin;University of Berlin;Other;;;;1191;1215;1;;
imh-34-1231;吳經熊;University of Michigan;University of Michigan;US;;;;757;779;0,84;;
imh-34-1231;吳經熊;University,;University of Michigan;US;;;;971;982;0,85;;
imh-34-1297;楊永清;the Chinese Students Conference in;Chinese Students' Conference in America;US;;;;884;918;0,9;;
imh-34-1297;楊永清;"the Chinese Students Monthly;";Chinese Students' Monthly;US;;;;962;991;0,98;;
imh-34-1297;楊永清;Gteorge Washington University;George Washington University;US;;;;434;463;0,91;;
imh-34-1297;楊永清;the Law School;George Washington University;US;;Law School;;567;581;0,96;;
imh-34-1297;楊永清;the Committee of the International Labor Conference;International Labor Conference (Washington);POST;;;;1117;1168;0,91;;
imh-34-1297;楊永清;the Chinese Delega-tion;League of Nations;POST;;Assembly;;1252;1275;0,87;;
imh-34-1297;楊永清;"the Assembly of the League of Nations;";League of Nations;POST;;Assembly;;1300;1338;0,98;;
imh-34-1297;楊永清;the Chinese Legation;Ministry of Foreign Affairs;POST;;Chinese Legation in Washington;;999;1019;0,96;;
imh-34-1297;楊永清;the Chinese Legation;Ministry of Foreign Affairs;POST;;Chinese Legation in London;;1206;1226;0,87;;
imh-34-1297;楊永清;the Ministry of Foreign Affairs;Ministry of Foreign Affairs;POST;;;;1450;1481;1;;
imh-34-1297;楊永清;the Treaty Department;Ministry of Foreign Affairs;POST;;Treaty Department;;1497;1518;0,96;;
imh-34-1297;楊永清;Ministry,;Ministry of Foreign Affairs;POST;;;;1604;1613;0,79;;
imh-34-1297;楊永清;Ministry,;Ministry of Foreign Affairs;POST;;;;1716;1725;0,79;;
imh-34-1297;楊永清;the Salt Administration;Salt Administration;POST;;;;2066;2089;0,95;;
imh-34-1297;楊永清;Soochow University;Soochow University;PRE;;;;131;149;0,99;;
imh-34-1297;楊永清;Soochow University,;Soochow University;PRE;;;;246;265;0,99;;
imh-34-1297;楊永清;Soochow University,;Soochow University;POST;;;;2104;2123;1;;
imh-34-1297;楊永清;"Soochow University;";Soochow University;POST;;;;2307;2326;1;;
imh-34-1297;楊永清;Soochow University,;Soochow University;POST;;;;2336;2355;1;;
imh-34-1297;楊永清;Southern University;Southern University;POST;;;;2219;2238;1;;
imh-34-1297;楊永清;Tsinghua College,;Tsing Hua College;PRE;;;;188;205;0,99;;
imh-34-1297;楊永清;Wisconsin University,;University of Wisconsin;US;;;;335;356;1;;
imh-34-1297;楊永清;the Chinese Delegation;Washington Conference;POST;;Chinese Delegation;;1352;1374;0,78;;
imh-34-1302;姚永勵;"the Board of Liquidation of the Chinese-American Bank of Commerce;";Board of Liquidation of the Chinese-American Bank of Commerce;POST;;;;1096;1162;0,93;;
imh-34-1302;姚永勵;the China Development Finance Corp.,1934;China Development Finance Corp;POST;;;;1347;1387;1;;
imh-34-1302;姚永勵;the Comparative Law School,;Comparative Law School of China;POST;;;;694;721;1;;
imh-34-1302;姚永勵;"Futan University，Shanghai;";Fudan University;POST;;;;822;848;1;;
imh-34-1302;姚永勵;Law School of the Great China UmVersity,;Great China University;POST;;Law School;;740;780;0,97;;
imh-34-1302;姚永勵;the Law Codification Committee;Law Codification Committee;POST;;;;859;889;1;;
imh-34-1302;姚永勵;"the Ministry of Industry and Commerce;";Ministry of Industry and Commerce;POST;;;;893;931;0,99;;
imh-34-1302;姚永勵;"the National Government;";Nationalist Government (Nanking);POST;;;;1019;1043;0,98;;
imh-34-1302;姚永勵;Government's;Nationalist Government (Nanking);POST;;;;1173;1185;0,97;;
imh-34-1302;姚永勵;the Russo- Asiatic Bank;Russo-Asiatic Bank;POST;;;;1261;1284;0,99;;
imh-34-1302;姚永勵;the Salt Gabelle;Salt Administration;POST;;;;1062;1078;0,83;;
imh-34-1302;姚永勵;Tsing Hua College,;Tsing Hua College;PRE;;;;109;127;1;;
imh-34-1302;姚永勵;"the University of Chicago;";University of Chicago;US;;;;408;434;1;;
imh-34-1302;姚永勵;Yale University，;Yale University;US;;;;216;232;0,99;;
imh-34-1302;姚永勵;Yale;Yale University;US;;;;309;313;1;;
imh-34-1366;陳炳章;Central Bank of China,;Central Bank of China;POST;;;;2026;2048;1;;
imh-34-1366;陳炳章;National Chinan University,;Chi-Nan University;POST;;;;921;948;1;;
imh-34-1366;陳炳章;Chinese Students'Alliance;Chinese Students' Alliance;US;;;;824;849;0,99;;
imh-34-1366;陳炳章;"F. F. Fraternity;";Flip Flap Fraternity;POST;;;;1995;2012;1;;
imh-34-1366;陳炳章;Fukien Consolidated Tax Bureau,;Fukien Consolidated Tax Bureau;POST;;;;1228;1259;0,99;;
imh-34-1366;陳炳章;Fukien Rolled Tobacco Tax Bureau.;Fukien Rolled Tobacco Tax Bureau;POST;;;;1059;1092;0,98;;
imh-34-1366;陳炳章;Internal Revenue Administration,;Internal Revenue Administration;POST;;;;1431;1463;0,78;;
imh-34-1366;陳炳章;Ministry of Finance;Ministry of Finance;POST;;;;1021;1040;0,98;;
imh-34-1366;陳炳章;Ministry of Finance,;Ministry of Finance;POST;;;;1464;1484;0,96;;
imh-34-1366;陳炳章;National Tariff Commission,;National Tariff Revision Commission;POST;;;;976;1003;1;;
imh-34-1366;陳炳章;Princeton University，;Princeton University;US;;;;580;601;1;;
imh-34-1366;陳炳章;Princeton University,;Princeton University;US;;;;626;647;1;;
imh-34-1366;陳炳章;Rolled Tobacco Tax Administration;Rolled Tobacco Tax Administration;POST;;;;1139;1172;0,95;;
imh-34-1366;陳炳章;R*hai Students* Association for North China Famine Relief,;Shanghai Students Association for North China Famine Relief;PRE;;;;442;500;0,93;;
imh-34-1366;陳炳章;St, John9a Echo,;St. John's Echo;PRE;;;;198;214;0,99;;
imh-34-1366;陳炳章;St. John's University,;St. John's University;PRE;;;;142;164;1;;
imh-34-1366;陳炳章;St. John's,;St. John's University;PRE;;;;262;273;1;;
imh-34-1366;陳炳章;St. John^s,;St. John's University;PRE;;;;326;337;0,99;;
imh-34-1366;陳炳章;St. John's University，;St. John's University;PRE;;;;521;543;1;;
imh-34-1366;陳炳章;St. John's;St. John's University;PRE;;;;667;677;0,95;;
imh-34-1366;陳炳章;Tsinghua;Tsing Hua College;PRE;;;;729;737;0,97;;
imh-34-1366;陳炳章;Yale University;Yale University;US;;;;786;801;0,99;;
imh-34-1379;霍寶樹;the Bank of China,;Bank of China;POST;;;;372;390;1;;
imh-34-1379;霍寶樹;Bank of China,;Bank of China;POST;;;;421;435;1;;
imh-34-1379;霍寶樹;Provincial Government,;Chekiang Provincial Government;POST;;;;312;334;0,69;;
imh-34-1379;霍寶樹;National Reconstruction Commission,;National Reconstruction Commission;POST;;;;224;259;1;;
imh-34-1442;刁信德;Chinese Mission to Lepers;Chinese Mission to Lepers;POST;;;;563;588;1;;
imh-34-1442;刁信德;Chinese Red Cross Hospital,;Chinese Red Cross Hospital;POST;;National Committee;;600;627;1;;
imh-34-1442;刁信德;"National Medical Association;";National Medical Association of China;POST;;;;483;512;1;;
imh-34-1442;刁信德;"National Medical Journal;";National Medical Journal;POST;;;;521;546;1;;
imh-34-1442;刁信德;"Red Cross General Hospital;";Red Cross General Hospital;POST;;;;439;466;1;;
imh-34-1442;刁信德;St. Jolin*s University*;St. John's University;PRE;;;;146;169;1;;
imh-34-1442;刁信德;"St. John's University Medical School，1928-31;";St. John's University;POST;;Medical School;;377;422;1;;
imh-34-1442;刁信德;St. Luke's Hospital，;St. Luke's Hospital;POST;;;;334;354;1;;
imh-34-1442;刁信德;University of Pennsylvania;University of Pennsylvania;US;;;;254;280;1;;
imh-34-1446;王正序;the Bank of Communications;Bank of Communications;POST;;;;352;378;1;;
imh-34-1446;王正序;the Ho Hong1 Bank;Ho Hong Bank;POST;;;;400;417;1;;
imh-34-1446;王正序;"the Overseas Banking Corporation;";Overseas Banking Corporation;POST;;;;540;573;1;;
imh-34-1446;王正序;Overseas Banking Corporation，Shanghai;Overseas Banking Corporation;POST;;;;583;620;0,99;;
imh-34-1446;王正序;"Princeton University;";Princeton University;US;;;;259;280;1;;
imh-34-1446;王正序;Y.M.C.A.;Y.M.C.A.;Other;;Chinese Y.M.C.A in France;;281;289;0,43;;
imh-34-1446;王正序;Yale University;Yale University;US;;;;222;237;1;;
imh-34-149;陳立廷;the British Expeditionary Forces;British Expeditionary Forces;POST;;;;554;586;0,95;;
imh-34-149;陳立廷;Harvard;Harvard University;US;;;;362;369;0,99;;
imh-34-149;陳立廷;Honan Provincial Col.;Honan Provincial College;PRE;Teaching;;;191;212;0,99;;
imh-34-149;陳立廷;China Council,;Institute of Pacific Relations;POST;;China Council;;1113;1127;1;;
imh-34-149;陳立廷;"Institute of Pacific Relations;";Institute of Pacific Relations;POST;;;;1128;1159;0,88;;
imh-34-149;陳立廷;the China Council;Institute of Pacific Relations;POST;;China Council;;1299;1316;1;;
imh-34-149;陳立廷;Kincheng Banking Corporation,;Kincheng Banking Corporation;POST;;;;1180;1209;1;;
imh-34-149;陳立廷;Kincheng Banking Corporation,;Kincheng Banking Corporation;POST;;;;1560;1589;1;;
imh-34-149;陳立廷;"the National University;";Peking Government University;POST;;;;974;998;1;;
imh-34-149;陳立廷;Tsinghua Col.;Tsing Hua College;PRE;;;;162;175;0,99;;
imh-34-149;陳立廷;Y.M.C.A.;Y.M.C.A.;Other;;Chinese Y.M.C.A in France;;498;506;0,99;;
imh-34-149;陳立廷;the National Committee Y.M.C.A.;Y.M.C.A.;POST;;National Committee of China;;654;685;0,98;;
imh-34-149;陳立廷;Y.M.C.A.;Y.M.C.A.;POST;;;;897;905;0,99;;
imh-34-149;陳立廷;Y.M.C.A.;Y.M.C.A.;POST;;;;1066;1074;1;;
imh-34-149;陳立廷;Yale;Yale University;US;;;;269;273;1;;
imh-34-149;陳立廷;Yale;Yale University;US;;;;338;342;1;;
imh-34-149;陳立廷;"Yenching U.;";Yenching University;PRE;;;;134;146;0,95;;
imh-34-285;鄒秉文;the Shanghai Bureau of Inspection and Testing of Commercial Commodities,;Bureau of Inspection and Testing of Commercial Commodities;POST;;;;1343;1415;0,99;;
imh-34-285;鄒秉文;the Commercial Press, Ltd.;Commercial Press;POST;;;;2024;2050;1;;
imh-34-285;鄒秉文;Cook Academy,;Cook Academy;US;;;;248;261;1;;
imh-34-285;鄒秉文;Cornell University,;Cornell University;US;;;;334;353;1;;
imh-34-285;鄒秉文;Cornell University;Cornell University;US;;;;418;436;0,99;;
imh-34-285;鄒秉文;the Cotton Industry Commission;Cotton Industry Commission;POST;;;;1592;1622;1;;
imh-34-285;鄒秉文;"the Central Party Headquarters;";Kuomintang;POST;;Central Party Headquarters;;1739;1770;0,91;;
imh-34-285;鄒秉文;"the Ministry of Industry;";Ministry of Industry;POST;;;;1476;1501;1;;
imh-34-285;鄒秉文;the Ministry of Industry, Commerce and Labour;Ministry of Industry, Commerce and Labor;POST;;;;1269;1314;1;;
imh-34-285;鄒秉文;the National Economic Council,;National Economic Council;POST;;;;1626;1656;0,93;;
imh-34-285;鄒秉文;the Food Committee;National Economic Council;POST;;Food Committee;;1717;1735;0,99;;
imh-34-285;鄒秉文;the College of Agriculture, Southeastern University,;National Southeastern University;POST;;College of Agriculture ;;679;731;0,93;;
imh-34-285;鄒秉文;the Department of Agriculture;National Teachers' College;POST;;Department of Agriculture;;570;599;0,92;;
imh-34-285;鄒秉文;the National Teachers* College,;National Teachers' College;POST;;;;603;634;1;;
imh-34-285;鄒秉文;the National Government;Nationalist Government (Nanking);POST;;;;1217;1240;1;;
imh-34-285;鄒秉文;the National Government;Nationalist Government (Nanking);POST;;;;1531;1554;1;;
imh-34-285;鄒秉文;the Shanghai Commercial and Savings Bank;Shanghai Commercial and Savings Bank;POST;;;;1781;1821;1;;
imh-34-285;鄒秉文;Agricultural Department,;Shanghai Commercial and Savings Bank;POST;;Agricultural Department;;1864;1888;0,98;;
imh-34-285;鄒秉文;"Bank;";Shanghai Commercial and Savings Bank;POST;;;;1922;1927;0,62;;
imh-34-285;鄒秉文;Shanghai Commercial and Savings Bank,;Shanghai Commercial and Savings Bank;POST;;;;2155;2192;1;;
imh-34-285;鄒秉文;"the University of Nanking;";University of Nanking;POST;;;;510;536;1;;
imh-34-320;朱博泉;the Central Bank of China;Central Bank of China;POST;;;;232;257;1;;
imh-34-320;朱博泉;Colutwia;Columbia University;US;;;;187;195;0,96;;
imh-34-320;朱博泉;the Joint Reserve Board;Joint Reserve Board;POST;;;;373;396;1;;
imh-34-320;朱博泉;"New York Universities;";New York University;US;;;;200;222;0,87;;
imh-34-320;朱博泉;the Kusso- Asiatic Bank，;Russo-Asiatic Bank;POST;;;;309;333;1;;
imh-34-320;朱博泉;the Shanghai Bankers' Association,;Shanghai Banker's Club;POST;;;;400;434;0,98;;
imh-34-320;朱博泉;Shanghai Bankers* Association,;Shanghai Banker's Club;POST;;;;458;488;1;;
imh-34-320;朱博泉;Shanghai College;University of Shanghai;PRE;;;;120;136;0,99;;
imh-34-320;朱博泉;University of 沙 anghai);University of Shanghai;PRE;;;;142;165;1;;
imh-34-336;朱有漁;the American .University Club,;American University Club (Shanghai);POST;;;;1184;1214;1;;
imh-34-336;朱有漁;the Board of Directors;Cheeloo University;POST;;Board of Directors;;1400;1422;0,76;;
imh-34-336;朱有漁;the Chinese Recorder, National Committee,;Chinese Recorder;POST;;;;1258;1299;0,99;;
imh-34-336;朱有漁;Columbia University,;Columbia University;US;;;;390;410;1;;
imh-34-336;朱有漁;the General Theological Seminary,;General Theological Seminary;US;;;;315;348;1;;
imh-34-336;朱有漁;General Theological Seminary,;General Theological Seminary;POST;;;;837;866;1;;
imh-34-336;朱有漁;"the Institute of Pacific Relations;";Institute of Pacific Relations;POST;;;;934;969;1;;
imh-34-336;朱有漁;the National Christian Council of China.;National Christian Council of China;POST;;;;1722;1762;0,97;;
imh-34-336;朱有漁;Pacific School of Religion,;Pacific School of Religion;POST;;;;787;814;1;;
imh-34-336;朱有漁;Peking Union Medical College,;Peking Union Medical College;POST;;;;723;752;1;;
imh-34-336;朱有漁;boy scout association;Shanghai Boy Scout Association;POST;;;;1053;1074;0,62;;
imh-34-336;朱有漁;St. John*s University,;St. John's University;PRE;;;;124;146;1;;
imh-34-336;朱有漁;St. John's University;St. John's University;PRE;;;;212;233;1;;
imh-34-336;朱有漁;St. John's University,;St. John's University;POST;;;;533;555;1;;
imh-34-336;朱有漁;St. John's University;St. John's University;POST;;;;1107;1128;0,96;;
imh-34-336;朱有漁;"St. John's University;";St. John's University;POST;;;;1449;1471;1;;
imh-34-336;朱有漁;the Worlds Chinese Students* Federation,;Worlds Chinese Students' Federation;POST;;;;1339;1379;0,99;;
imh-34-336;朱有漁;the Y.M.C.A. International Committee,;Y.M.C.A.;POST;;International Committee;;611;648;1;;
imh-34-336;朱有漁;"Y.M.C.A.;";Y.M.C.A.;POST;;;;1300;1309;0,98;;
imh-34-350;范文照;Ch. F. Durang,;Ch. F. Durang;US;;;;389;403;0,99;;
imh-34-350;范文照;Park,;Chungshan National Memorial Park;POST;;Advisory Committee;;1725;1730;0,74;;
imh-34-350;范文照;Day & Klauder,;Day & Klauder;US;;;;410;424;1;;
imh-34-350;范文照;Kastern Theatre,;Eastern Theatre;POST;;;;1305;1321;0,8;;
imh-34-350;范文照;John T, Windrim,;John T. Windrim Architect;US;;;;366;382;0,99;;
imh-34-350;范文照;Provincial Government;Kwantung Provincial Government;POST;;;;938;959;0,38;;
imh-34-350;范文照;Lam Glines & Company,;Lam Glines & Company;POST;;;;481;502;1;;
imh-34-350;范文照;the Ministry of Public Health;Ministry of Health;POST;;;;1371;1400;1;;
imh-34-350;范文照;The Ministry of Railways,;Ministry of Railways;POST;;;;1143;1168;1;;
imh-34-350;范文照;the Ministry of Railways,;Ministry of Railways;POST;;;;1766;1791;1;;
imh-34-350;范文照;the Committee of the Nanking City Planning Bureau;Nanking City Planning Bureau;POST;;;;1601;1650;0,97;;
imh-34-350;范文照;the Nanking Theatre,;Nanking Theatre;POST;;;;1251;1271;0,78;;
imh-34-350;范文照;"the National Good Roads Association of China;";National Good Roads Association of China;POST;;;;1826;1871;0,99;;
imh-34-350;范文照;the Officers* Moral Endeavor Association,;Officers' Moral Endeavour Association;POST;;;;1200;1241;1;;
imh-34-350;范文照;the Oversea Chinese Hostel;Oversea Chinese Hostel;POST;;;;1169;1195;0,99;;
imh-34-350;范文照;the Paradise Theatre;Paradise Theatre;POST;;;;1272;1292;0,62;;
imh-34-350;范文照;"the Society of Chinese Architects;";Society of Chinese Architects;POST;;;;1531;1565;1;;
imh-34-350;范文照;St. John's University,;St. John's University;PRE;;;;131;153;1;;
imh-34-350;范文照;St. John's University;St. John's University;PRE;;;;240;261;1;;
imh-34-350;范文照;University of Penn- sylvaniaf;University of Pennsylvania;US;;;;279;308;1;;
imh-34-350;范文照;School of Architecture;University of Pennsylvania;US;;School of Architecture;;317;339;0,92;;
imh-34-350;范文照;Chinese Y.M.C.A.;Y.M.C.A.;POST;;Chinese Y.M.C.A;;1330;1346;0,95;;
imh-34-36;張祥麟;the advisory Council on diplomatic affairs,;Advisory Council on diplomatic affairs;POST;;;;404;447;0,94;;
imh-34-36;張祥麟;the Bureau of Industrial and Commercial Information,;Bureau of Industrial and Commercial Information;POST;;;;1057;1109;0,99;;
imh-34-36;張祥麟;Department of Exposition Affairs;Chicago World's Fair;POST;;Department of Exposition Affairs;;1644;1676;0,85;;
imh-34-36;張祥麟;the China Republician,;China Republican;POST;;;;274;296;0,99;;
imh-34-36;張祥麟;the Chinese Exhibitors' Association;Chinese Exhibitors' Association;POST;;;;1838;1873;0,99;;
imh-34-36;張祥麟;Columbia University,;Columbia University;US;;;;179;199;1;;
imh-34-36;張祥麟;the International Chamber of Commerce,;International Chamber of Commerce;POST;;;;1198;1236;0,95;;
imh-34-36;張祥麟;the International Labor Conference, League of Nations,;League of Nations;POST;;International Labor Conference;;1255;1309;0,87;;
imh-34-36;張祥麟;Publicity Department,;League of Nations;POST;;Commission of Inquiry;Publicity Department of Chinese Assessor's Office;1491;1512;0,6;;
imh-34-36;張祥麟;the League of Nations;League of Nations;POST;;;;1576;1597;0,87;;
imh-34-36;張祥麟;the Ministry of Communications,;Ministry of Communications;POST;;;;488;519;0,99;;
imh-34-36;張祥麟;Ministry of Foreign Affairs,;Ministry of Foreign Affairs;POST;;;;635;663;0,99;;
imh-34-36;張祥麟;the Department of Intelligence and Publicity,;Ministry of Foreign Affairs;POST;;Department of Intelligence and Publicity;;1344;1389;0,93;;
imh-34-36;張祥麟;Ministry of Foreign Affairs,;Ministry of Foreign Affairs;POST;;;;1390;1418;0,92;;
imh-34-36;張祥麟;"the Ministry of Industry;";Ministry of Industry;POST;;;;1998;2023;0,99;;
imh-34-36;張祥麟;Ministry of Industry,;Ministry of Industry;POST;;;;2037;2058;0,99;;
imh-34-36;張祥麟;Ministry of Industry, Commerce and Labor,;Ministry of Industry, Commerce and Labor;POST;;;;1110;1151;0,93;;
imh-34-36;張祥麟;the Ministry of Interior,;Ministry of Interior;POST;;;;553;578;0,99;;
imh-34-36;張祥麟;Government Commission on political affairs,;National Government (Peking);POST;;Commission on Political affairs;;336;379;0,95;;
imh-34-36;張祥麟;Cabinet,;National Government (Peking);POST;;Cabinet;;721;729;0,72;;
imh-34-36;張祥麟;the Peking Daily News,;Peking Daily News;POST;;;;228;250;1;;
imh-34-36;張祥麟;St. John's University,;St. John's University;PRE;;;;145;167;1;;
imh-34-36;張祥麟;the Chinese Delegation to the Washington Conference,;Washington Conference;POST;;Chinese Delegation;;817;869;0,76;;
imh-34-399;何德奎;Capital Planning Commission^;Capital Planning Commission;POST;;;;891;919;1;;
imh-34-399;何德奎;"Shanghai Chinese Ratepayers Association;";Chinese Ratepayers' Association;POST;;;;720;760;1;;
imh-34-399;何德奎;Harvard University,;Harvard University;US;;;;423;442;0,98;;
imh-34-399;何德奎;College of Commerce,;Kwang Hwa University;POST;;College of Commerce;;567;587;0,96;;
imh-34-399;何德奎;Kwang Hwa University,;Kwang Hwa University;POST;;;;588;609;1;;
imh-34-399;何德奎;the Ministry of Education;Ministry of Education;PRE;;;;221;246;1;;
imh-34-399;何德奎;Foreign Relations Commission,;Ministry of Foreign Affairs;POST;;Foreign Relations Commission;;948;977;1;;
imh-34-399;何德奎;"Ministry for Foreign Affairs;";Ministry of Foreign Affairs;POST;;;;978;1007;0,87;;
imh-34-399;何德奎;Nanyang College^;Nanyang College;POST;;;;532;548;1;;
imh-34-399;何德奎;"National Loans Sinking Fund Commission;";National Loans Sinking Fund Commission;POST;;;;780;819;1;;
imh-34-399;何德奎;the National University of Peking;Peking Government University;PRE;;;;161;194;0,99;;
imh-34-399;何德奎;Shanghai Law College;Shanghai Law College;POST;;;;851;871;0,99;;
imh-34-399;何德奎;"Shanghai Municipal Council;";Shanghai Municipal Council;POST;;;;74;101;1;;
imh-34-399;何德奎;Special Chinese Education Committee^;Shanghai Municipal Council;POST;;Special Chinese Education Committee;;630;666;1;;
imh-34-399;何德奎;Shanghai Municipal Council,;Shanghai Municipal Council;POST;;;;667;694;0,91;;
imh-34-399;何德奎;"Shanghai Municipal Council;";Shanghai Municipal Council;POST;;;;1022;1049;1;;
imh-34-399;何德奎;Shanghai Municipal Council^;Shanghai Municipal Council;POST;;;;1073;1100;0,99;;
imh-34-399;何德奎;Shanghai Municipal Council,;Shanghai Municipal Council;POST;;;;1135;1162;0,98;;
imh-34-399;何德奎;Ta-tung University;Ta-tung University;POST;;;;509;527;1;;
imh-34-399;何德奎;University of Wisconsin,;University of Wisconsin;US;;;;349;373;0,99;;
imh-34-415;夏鵬;China Assurance Corporation,;China Assurance Corporation;POST;;;;979;1007;1;;
imh-34-415;夏鵬;the Commercial Press,;Commercial Press;POST;;;;143;164;1;;
imh-34-415;夏鵬;the Commercial Press,;Commercial Press;POST;;;;473;494;1;;
imh-34-415;夏鵬;"the Commercial Press;";Commercial Press;POST;;;;643;664;1;;
imh-34-415;夏鵬;the Commercial Press;Commercial Press;POST;;;;940;960;1;;
imh-34-415;夏鵬;The Commercial Press, Ltd.,;Commercial Press;POST;;;;1147;1174;1;;
imh-34-415;夏鵬;the International Dispensary, Ltd.,;International Dispensary Ltd;POST;;;;1070;1105;1;;
imh-34-415;夏鵬;Shanghai Commercial and Savings Bank,;Shanghai Commercial and Savings Bank;POST;;;;1020;1057;1;;
imh-34-415;夏鵬;"Shanghai Trust Co.;";Shanghai Trust Co;POST;;;;1118;1137;1;;
imh-34-415;夏鵬;"St. John's University;";St. John's University;PRE;;;;244;266;1;;
imh-34-415;夏鵬;the University of Pennsylvania;University of Pennsylvania;US;;;;337;367;1;;
imh-34-415;夏鵬;Wharton School of Commerce and Finance;Wharton School of Commerce and Finance;US;;;;295;333;0,99;;
imh-34-443;許建屏;the American University Club,;American University Club (Shanghai);POST;;;;2037;2066;0,99;;
imh-34-443;許建屏;the Baltimore Sun;Baltimore Sun;US;;;;1630;1647;0,95;;
imh-34-443;許建屏;Cambridge University;Cambridge University;Other;;;;260;280;0,99;;
imh-34-443;許建屏;The Central Bank of China,;Central Bank of China;POST;;;;3747;3773;1;;
imh-34-443;許建屏;the China Press,;China Press;POST;;;;1164;1180;1;;
imh-34-443;許建屏;"the China Press;";China Press;POST;;;;1547;1563;0,99;;
imh-34-443;許建屏;"Commission on Appellate Cases;";Commission on Appellate Cases;POST;;;;3147;3177;0,98;;
imh-34-443;許建屏;"Commission on the Codification of Immigration Legislation;";Commission on the Codification of Immigration Legislation;POST;;;;2981;3039;0,98;;
imh-34-443;許建屏;"Commission on the Consolidation of Domestic and International Loans;";Commission on the Consolidation of Domestic and International Loans;POST;;;;2861;2929;0,99;;
imh-34-443;許建屏;Commission on the Qualifications of Chartered Accountants;Commission on the Qualifications of Chartered Accountants;POST;;;;3087;3144;0,99;;
imh-34-443;許建屏;"Commission on the Retrocession of Chingwantao;";Commission on the Retrocession of Chingwantao;POST;;;;3040;3086;0,99;;
imh-34-443;許建屏;"Commission on the Revision of Commercial Treaties;";Commission on the Revision of Commercial Treaties;POST;;;;2930;2980;0,98;;
imh-34-443;許建屏;the Detroit Tribune,;Detroit Tribune;US;;;;926;946;0,98;;
imh-34-443;許建屏;the Executive Yuan;Executive Yuan;POST;;;;3586;3604;1;;
imh-34-443;許建屏;"the Michigan Daily;";Michigan Daily;US;;;;828;847;0,99;;
imh-34-443;許建屏;Ministry of Agriculture and Commerce;Ministry of Agriculture and Commerce;POST;;;;2406;2442;0,99;;
imh-34-443;許建屏;the Department of General Affairs;Ministry of Finance;POST;;Department of General Affairs;;3636;3669;0,99;;
imh-34-443;許建屏;the Ministry of Finance,;Ministry of Finance;POST;;;;3673;3697;0,98;;
imh-34-443;許建屏;"the Ministry of Industry;";Ministry of Industry;POST;;;;2454;2479;0,99;;
imh-34-443;許建屏;Ministry,;Ministry of Industry;POST;;;;2571;2580;0,55;;
imh-34-443;許建屏;the Municipal Public School for Chinese, Shanghai;Municipal Public School for Chinese Shanghai;PRE;;;;178;227;0,92;;
imh-34-443;許建屏;"National Tariff Revision Commission;";National Tariff Revision Commission;POST;;;;2761;2797;1;;
imh-34-443;許建屏;the National Government;Nationalist Government (Nanking);POST;;;;2179;2202;0,86;;
imh-34-443;許建屏;the New York Herald,;New York Herald;US;;;;1609;1629;0,89;;
imh-34-443;許建屏;the Pan-Pacific Association;Pan-Pacific Association of China;POST;;;;2067;2094;1;;
imh-34-443;許建屏;"Planning Commission on Domestic and International Exhibitions;";Planning Commission on Domestic and International Exhibitions;POST;;;;2798;2860;0,99;;
imh-34-443;許建屏;the San Francisco Chronicle;San Francisco Chronicle;US;;;;1652;1679;0,89;;
imh-34-443;許建屏;the Shanghai Municipal Council Chinese Advisory Committee,;Shanghai Municipal Council;POST;;Chinese Advisory Committee;;1942;2000;0,98;;
imh-34-443;許建屏;the Kotary Club;Shanghai Rotary Club;POST;;;;2099;2114;1;;
imh-34-443;許建屏;the Shanghai Tribune,;Shanghai Tribune;POST;;;;1892;1913;0,99;;
imh-34-443;許建屏;the Shanghai Tribune Publishing Company,;Shanghai Tribune Publishing Company;POST;;;;1837;1877;1;;
imh-34-443;許建屏;Tsing Hua College;Tsing Hua College;PRE;;;;493;510;1;;
imh-34-443;許建屏;the University of Michigan;University of Michigan;US;;;;578;604;1;;
imh-34-443;許建屏;the Yu Shang Pao,;Yu Shang Pao;PRE;;;;383;400;0,98;;
imh-34-456;徐逸民;A.A.;A.A. Scottish Rite;POST;;;;749;753;0,9;;
imh-34-456;徐逸民;A.A.O.N,;A.A.O.N.;POST;;;;769;777;0,98;;
imh-34-456;徐逸民;Aflfl Temple.;Afifi Temple;POST;;;;793;806;0,98;;
imh-34-456;徐逸民;American University- Club;American University Club (Shanghai);POST;;;;807;832;0,99;;
imh-34-456;徐逸民;"Amity Lodg-e 106;";Amity Lodge No. 106;POST;;;;722;739;0,98;;
imh-34-456;徐逸民;University,;Chi-Nan University;POST;;;;581;592;1;;
imh-34-456;徐逸民;The Chinese Medical Association;Chinese Medical Association;POST;;;;688;719;1;;
imh-34-456;徐逸民;Practitioners* Association of Shancrhai,;Medical Practitioners Association of Shanghai;POST;;;;842;882;0,98;;
imh-34-456;徐逸民;Mystic shrine,;Mystic Shrine;POST;;;;778;792;0,99;;
imh-34-456;徐逸民;the Orthopedic Hospital,;Orthopedic Hospital of Shanghai;POST;;;;492;516;1;;
imh-34-456;徐逸民;Scottish Rite,;P. I. Scottish Rite;POST;;;;754;768;0,94;;
imh-34-456;徐逸民;the Red Cross Hospital，Shanghai，1922-25;Red Cross General Hospital;POST;;;;426;465;1;;
imh-34-456;徐逸民;"Shancrhai Medical Society;";Shanghai Medical Society;POST;;;;661;687;0,99;;
imh-34-456;徐逸民;Shanghai Rotary Club;Shanghai Rotary Club;POST;;;;883;903;0,98;;
imh-34-456;徐逸民;St. John's University,;St. John's University;PRE;;;;132;154;1;;
imh-34-456;徐逸民;St. John's University,;St. John's University;POST;;;;306;328;1;;
imh-34-456;徐逸民;St. John's University,;St. John's University;POST;;;;624;646;1;;
imh-34-456;徐逸民;St. Luke's Hospital，;St. Luke's Hospital;POST;;;;364;384;1;;
imh-34-456;徐逸民;the University of Pennsylvania;University of Pennsylvania;US;;;;232;262;1;;
imh-34-456;徐逸民;"the Y'a Men's Baby Clinic;";Y's Men's Club;POST;;Y's Men's Baby Clinic;;927;953;1;;
imh-34-461;許貫三;"the American Society of Civil Engineers;";American Society of Civil Engineers;POST;;;;1072;1112;1;;
imh-34-461;許貫三;"Cornell University;";Cornell University;US;;;;442;461;1;;
imh-34-461;許貫三;the Hankow Municipal Government;Hankow Municipal Government;POST;;;;700;731;0,99;;
imh-34-461;許貫三;the Hunan Provincial Government;Hunan Provincial Government;POST;;;;507;538;0,91;;
imh-34-461;許貫三;the Government of Greater Shanghai;Municipality of Greater Shanghai;POST;;;;875;909;1;;
imh-34-461;許貫三;"the Bureau of- Public Works;";Municipality of Greater Shanghai;POST;;Bureau of Public Works;;1014;1042;1;;
imh-34-461;許貫三;Bureau of Public Works，Municipality of Greater Shanghai,;Municipality of Greater Shanghai;POST;;Bureau of Public Works;;1122;1178;1;;
imh-34-461;許貫三;Nanyang College,;Nanyang College;PRE;;;;197;213;1;;
imh-34-461;許貫三;Yale College;Yale-in-China;PRE;;;;156;168;1;;
imh-34-538;黃子方;the Provincial Middle School,;Amoy Provincial Middle School;PRE;;;;148;177;0,95;;
imh-34-538;黃子方;Hangchow-Ningrpo Railways Administration;Hangchow-Ningpo Railway;POST;;;;1381;1421;0,86;;
imh-34-538;黃子方;the Department of Bacteriology and Immunology;Harvard University;US;;Harvard Medical School;Department of Bacteriology and Immunology;423;468;0,83;;
imh-34-538;黃子方;Harvard University Medical School,;Harvard University;US;;Harvard Medical School;;472;506;1;;
imh-34-538;黃子方;Hongkong University Medical School;Hongkong University Medical School;PRE;;;;199;233;0,99;;
imh-34-538;黃子方;Hush Medical College,;Hush Medical College;US;;;;266;287;0,97;;
imh-34-538;黃子方;Johns Hopkins University Medical School;Johns Hopkins University Medical School;US;;;;357;396;1;;
imh-34-538;黃子方;Nations Health Organization,;League of Nations;POST;;Health Organization;;1126;1154;0,99;;
imh-34-538;黃子方;the Ministry of Health;Ministry of Health;POST;;;;953;975;1;;
imh-34-538;黃子方;the Ministry of Railways;Ministry of Railways;POST;;;;1290;1314;1;;
imh-34-538;黃子方;Ministry of Railways.;Ministry of Railways;POST;;;;1622;1643;1;;
imh-34-538;黃子方;the National Board of Health;National Board of Health;POST;;;;990;1018;1;;
imh-34-538;黃子方;the National Epidemic Prevention Bureau,;National Epidemic Prevention Bureau;US;;;;602;642;1;;
imh-34-538;黃子方;the National Labor Health Commission,;National Labor Health Commission;POST;;;;1023;1060;1;;
imh-34-538;黃子方;"the Public Health Committee of the National Medical Aesociation;";National Medical Association of China;POST;;Public Health Committee;;1484;1548;0,93;;
imh-34-538;黃子方;the Peking Public Health Station,;Peking Public Health Station;POST;;;;676;709;0,98;;
imh-34-538;黃子方;the Peking Union Medical College;Peking Union Medical College;POST;;;;820;852;0,98;;
imh-34-538;黃子方;Rockefeller Foundation,;Rockefeller Foundation;US;;;;526;549;1;;
imh-34-538;黃子方;the Shanghai Public Health Club;Shanghai Public Health Club;POST;;;;1436;1467;0,98;;
imh-34-538;黃子方;University of Chicago^;University of Chicago;US;;;;243;265;0,99;;
imh-34-538;黃子方;the Yenching1 University,;Yenching University;POST;;;;860;885;1;;
imh-34-590;鄺富灼;the College of Foreign Languages and Provincial College;Canton College of Foreign Languages;POST;;;;946;1001;0,93;;
imh-34-590;鄺富灼;the College of Foreign Languages and Provincial College;Canton Provincial College;POST;;;;946;1001;0,93;;
imh-34-590;鄺富灼;"the China Christian Educational Association;";China Christian Educational Association;POST;;;;2296;2340;1;;
imh-34-590;鄺富灼;"the Chinese Mission to Lepers;";Chinese Mission to Lepers;POST;;;;2409;2439;1;;
imh-34-590;鄺富灼;"the Church of Christ in China;";Church of Christ in China;POST;;;;2540;2570;1;;
imh-34-590;鄺富灼;Columbia University^;Columbia University;US;;;;748;768;0,99;;
imh-34-590;鄺富灼;the Commercial Press,;Commercial Press;POST;;;;1343;1364;0,99;;
imh-34-590;鄺富灼;"the Commercial Press;";Commercial Press;POST;;;;1748;1769;1;;
imh-34-590;鄺富灼;"the Institution for Chinese Blind;";Institution for Chinese Blind;POST;;;;2071;2105;1;;
imh-34-590;鄺富灼;the Ministry of Communications,;Ministry of Communications;POST;;;;1185;1216;1;;
imh-34-590;鄺富灼;"Nanyang Commercial Academy;";Nanyang Commercial Academy;POST;;;;2231;2258;1;;
imh-34-590;鄺富灼;"the National Child Welfare Association;";National Child Welfare Association of China;POST;;;;2463;2502;1;;
imh-34-590;鄺富灼;"the Pan-Pacific Association;";Pan-Pacific Association of China;POST;;;;2377;2405;1;;
imh-34-590;鄺富灼;Pomona College at Pomona,;Pomona College;US;;;;531;556;0,81;;
imh-34-590;鄺富灼;Pomona College;Pomona College;POST;Honorary;;;1770;1784;1;;
imh-34-590;鄺富灼;the Salvation Army;Salvation Army;PRE;;;;441;459;0,99;;
imh-34-590;鄺富灼;"the Shanghai Rotary Club;";Shanghai Rotary Club;POST;;;;2589;2614;0,99;;
imh-34-590;鄺富灼;"Shantung Christian University;";Shantung Christian University;POST;;;;2178;2208;1;;
imh-34-590;鄺富灼;the University of California,;University of California;US;;;;634;663;0,99;;
imh-34-590;鄺富灼;the National Committee of the Y.M.C.A. of ^ China;Y.M.C.A.;POST;;National Committee of China;;1948;1997;0,92;;
imh-34-590;鄺富灼;"the Shanghai Chinese Y.M.C.A.;";Y.M.C.A.;POST;;Shanghai branch;;2118;2148;0,94;;
imh-34-601;孔祥熙;the Central Bank of China,;Central Bank of China;POST;;;;161;187;1;;
imh-34-601;孔祥熙;"the Central Bank of China;";Central Bank of China;POST;;;;3020;3046;1;;
imh-34-601;孔祥熙;Cheeloo University,;Cheeloo University;POST;;Board of Managers;;5449;5468;1;;
imh-34-601;孔祥熙;Foreign and' Domestic Debt Consolidation Com- misaion,;Commission on the Consolidation of Domestic and International Loans;POST;;;;2646;2700;1;;
imh-34-601;孔祥熙;the Executive Yuan,;Executive Yuan;POST;;;;92;111;1;;
imh-34-601;孔祥熙;the Executive Yuan;Executive Yuan;POST;;;;3104;3122;1;;
imh-34-601;孔祥熙;InterProvincial Drouth Relief Association,;Inter-Provincial Drouth Relief Association;POST;;;;5361;5403;1;;
imh-34-601;孔祥熙;the Central Political Council;Kuomintang;POST;;Central Political Council;;2016;2045;1;;
imh-34-601;孔祥熙;the Kuonintang.;Kuomintang;POST;;;;2049;2064;0,81;;
imh-34-601;孔祥熙;Central Executive Committee;Kuomintang;POST;;Central Executive Committee;;2716;2743;1;;
imh-34-601;孔祥熙;Central Political Council;Kuomintang;POST;;Central Political Council;;2748;2773;1;;
imh-34-601;孔祥熙;the Kuomintang.;Kuomintang;POST;;;;2777;2792;0,71;;
imh-34-601;孔祥熙;Central Executive Committee;Kuomintang;POST;;Central Executive Committee;;3254;3281;0,84;;
imh-34-601;孔祥熙;Central Political Council;Kuomintang;POST;;Central Political Council;;3286;3311;1;;
imh-34-601;孔祥熙;Kuomintang,;Kuomintang;POST;;;;3319;3330;0,49;;
imh-34-601;孔祥熙;Standing Committee;Kuomintang;POST;;Central Executive Committee;Standing Committee;3374;3392;0,99;;
imh-34-601;孔祥熙;Ministry of Finance,;Ministry of Finance;POST;;;;5587;5607;0,99;;
imh-34-601;孔祥熙;the Ministry of Industry,;Ministry of Industry;POST;;;;2316;2341;0,99;;
imh-34-601;孔祥熙;the Ministry of Industry;Ministry of Industry;POST;;;;2825;2849;0,99;;
imh-34-601;孔祥熙;Industry, Labor and Commerce.;Ministry of Industry, Commerce and Labor;POST;;;;2194;2223;0,91;;
imh-34-601;孔祥熙;the Ministry of Mining and Agriculture;Ministry of Mining and Agriculture;POST;;;;2255;2293;0,99;;
imh-34-601;孔祥熙;National Capital Planning Commission,;National Capital Planning Commission;POST;;;;2608;2645;1;;
imh-34-601;孔祥熙;the National Child Welfare Association of China,;National Child Welfare Association of China;POST;;;;5233;5281;1;;
imh-34-601;孔祥熙;National Commission on Aeronautical Affairs,;National Commission on Aeronautical Affairs;POST;;;;3459;3503;1;;
imh-34-601;孔祥熙;National Defence Commission,;National Defense Commission;POST;;;;3345;3373;0,87;;
imh-34-601;孔祥熙;the National Economic Council,;National Economic Council;POST;;;;3396;3426;0,92;;
imh-34-601;孔祥熙;National Famine Relief Commission,;National Famine Relief Commission;POST;;;;2571;2605;1;;
imh-34-601;孔祥熙;National Reconstruction Commission,;National Reconstruction Commission;POST;;;;2507;2542;1;;
imh-34-601;孔祥熙;the National River Conservancy Commission;National River Conservancy Commission;POST;;;;3527;3568;1;;
imh-34-601;孔祥熙;the Nationalist Government,;Nationalist Government (Nanking);POST;;;;1915;1942;0,99;;
imh-34-601;孔祥熙;the National Government;Nationalist Government (Nanking);POST;;;;2091;2114;1;;
imh-34-601;孔祥熙;Government;Nationalist Government (Nanking);POST;;;;2470;2480;0,73;;
imh-34-601;孔祥熙;Foreign Affairs Commission,;Nationalist Government (Nanking);POST;;Foreign Affairs Commission;;2543;2570;1;;
imh-34-601;孔祥熙;the National Government;Nationalist Government (Nanking);POST;;;;2903;2926;0,97;;
imh-34-601;孔祥熙;Government.;Nationalist Government (Nanking);POST;;;;5182;5193;0,65;;
imh-34-601;孔祥熙;Oberlin CoUege;Oberlin College;US;;;;523;537;1;;
imh-34-601;孔祥熙;the Oberlin-Shansi Memorial College;Oberlin-Shansi Memorial College;POST;;;;693;728;1;;
imh-34-601;孔祥熙;the Oberlin-Shansi Memorial Schools;Oberlin-Shansi Memorial College;POST;;;;4950;4985;0,99;;
imh-34-601;孔祥熙;Overseas Affairs Commission;Overseas Affairs Commission;POST;;;;3427;3454;1;;
imh-34-601;孔祥熙;the Pan-Pacific Association of China,;Pan-Pacific Association of China;POST;;;;5294;5331;1;;
imh-34-601;孔祥熙;the Shanghai Medical Centre,;Shanghai Medical Centre;POST;;;;5332;5360;1;;
imh-34-601;孔祥熙;the Industrial Department;Shantung Rehabilitation Commission;POST;;Industrial Department;;1509;1534;0,74;;
imh-34-601;孔祥熙;the Shantuns： Rehabilitation Commission.;Shantung Rehabilitation Commission;POST;;;;1538;1578;0,99;;
imh-34-601;孔祥熙;State Council,;State Council;POST;;;;2701;2715;1;;
imh-34-601;孔祥熙;Yale University;Yale University;US;;;;583;598;0,99;;
imh-34-601;孔祥熙;the Yellow River Flood Relief Commission.;Yellow River Flood Relief Commission;POST;;;;3573;3614;1;;
imh-34-601;孔祥熙;Yenchjng University;Yenching University;POST;;Board of Managers;;5425;5444;0,97;;
imh-34-644;李錦沛;Beaux Arts Institute;Beaux Arts Institute;US;;;;318;338;1;;
imh-34-644;李錦沛;Committees;Canton National Committee Building;POST;;;;1256;1266;0,88;;
imh-34-644;李錦沛;Cantonese Baptist Church,;Cantonese Baptist Church;POST;;;;1862;1887;0,97;;
imh-34-644;李錦沛;Cantonese Guild Girls School,;Cantonese Guild;POST;;Girls School;;1721;1750;0,94;;
imh-34-644;李錦沛;Capital Theatre,;Capital Theatre;POST;;;;1898;1914;0,99;;
imh-34-644;李錦沛;Changchow chow General Hospital,;Changchow General Hospital;POST;;;;2044;2076;0,99;;
imh-34-644;李錦沛;Columbia University;Columbia University;US;;;;278;297;1;;
imh-34-644;李錦沛;Dewitt Clinton High School;Dewitt Clinton High School;US;;;;166;192;0,94;;
imh-34-644;李錦沛;J. F. Jackson Archt.,;J. F. Jackson Architect;US;;;;499;520;1;;
imh-34-644;李錦沛;Central University—College of、 Commerce,;Kiangwan Central University;POST;;College of Commerce;;1783;1823;1;;
imh-34-644;李錦沛;Lingnan School,;Lingnan School;POST;;;;1992;2007;0,99;;
imh-34-644;李錦沛;Ludlow & Peabody Archts.,;Ludlow & Peabody Archts;US;;;;525;550;1;;
imh-34-644;李錦沛;The Mary Farnham Girls School,;Mary Farnham Girls School;POST;;;;1540;1570;0,64;;
imh-34-644;李錦沛;Massachusetts Institute of Technology;Massachusetts Institute of Technology;US;;;;227;264;1;;
imh-34-644;李錦沛;Murphy Mcgill & Hamlin Archts.,;Murphy Mcgill & Hamlin Archts;US;;;;467;498;1;;
imh-34-644;李錦沛;Committees;Nanking National Committee Building;POST;;;;1256;1266;0,88;;
imh-34-644;李錦沛;The Nantao Christian Institute,;Nantao Christian Institute;POST;;;;1508;1539;0,98;;
imh-34-644;李錦沛;New Capital Theatre,;New Capital Theatre;POST;;;;1961;1981;0,99;;
imh-34-644;李錦沛;the University of the State of New York;New York State University ;US;;;;360;399;0,91;;
imh-34-644;李錦沛;Committees;Ningpo National Committee Building;POST;;;;1256;1266;0,88;;
imh-34-644;李錦沛;Pratt Institute;Pratt Institute;US;;;;202;217;1;;
imh-34-644;李錦沛;Shanghai Foreign， Shanghai N^vy,;Shanghai Foreign Shanghai Navy;POST;;;;887;919;0,66;;
imh-34-644;李錦沛;Committees;Shanghai National Committee Building;POST;;;;1256;1266;0,88;;
imh-34-644;李錦沛;"the Shanghai Quarantine Station;";Shanghai Quarantine Station;POST;;;;1928;1960;0,97;;
imh-34-644;李錦沛;Quarantine Station,;Shanghai Quarantine Station;POST;;;;2018;2037;0,99;;
imh-34-644;李錦沛;the Society of Chinese Architects,;Society of Chinese Architects;POST;;;;1388;1422;1;;
imh-34-644;李錦沛;Society of Chinese Architects,;Society of Chinese Architects;POST;;;;2107;2137;1;;
imh-34-644;李錦沛;Wuhan University,;Wuhan University;POST;;;;1834;1851;1;;
imh-34-644;李錦沛;Y.M.C.A.;Y.M.C.A.;POST;;;;609;617;0,52;;
imh-34-644;李錦沛;the Y.M.C.A. Building Bureau for China,;Y.M.C.A.;POST;;Building Bureau for China;;747;786;0,91;;
imh-34-644;李錦沛;Y.M.C.A.'8;Y.M.C.A.;POST;;;;866;876;0,97;;
imh-34-644;李錦沛;Shanghai Chinese Y.M^C.A.;Y.M.C.A.;POST;;Shanghai branch;;1586;1611;0,56;;
imh-34-644;李錦沛;Y.M.C.A.;Y.M.C.A.;POST;;;;1644;1652;0,8;;
imh-34-644;李錦沛;Yen- ching University,;Yenching University;POST;;;;566;588;0,53;;
imh-34-650;李中道;the Chekiang Provincial Middle School No. 4;Chekiang Provincial Middle School No. 4;POST;;;;819;862;0,72;;
imh-34-650;李中道;the Comparative Law School of China;Comparative Law School of China;PRE;;;;300;335;1;;
imh-34-650;李中道;"the Intercollegiate Prohibition Association;";Intercollegiate Prohibition Association;POST;;International Student;;1009;1053;1;;
imh-34-650;李中道;Nanyang College;Nanyang College;PRE;;;;175;190;0,99;;
imh-34-650;李中道;Northwestern University, Chicago;Northwestern University;US;;;;556;588;0,89;;
imh-34-650;李中道;Northwestern;Northwestern University;US;;;;629;641;1;;
imh-34-650;李中道;"the Phi Tau Phi Society;";Phi Tau Phi;US;;;;356;380;1;;
imh-34-650;李中道;the University of. Michigan,;University of Michigan;US;;;;409;437;1;;
imh-34-650;李中道;Michigan;University of Michigan;US;;;;530;538;0,98;;
imh-34-707;李耀邦;"the American Association for the advancement of science;";American Association for the Advancement of Science;US;;;;800;856;1;;
imh-34-707;李耀邦;the American Physical Society;American Physical Society;US;;;;749;778;1;;
imh-34-707;李耀邦;the Shanghai Bureau of Inspection # and Testing of Commercial Commodities;Bureau of Inspection and Testing of Commercial Commodities;POST;;;;1981;2054;0,99;;
imh-34-707;李耀邦;the Shanghai Chinese General Chamber of Commerce,;Chinese Chamber of Commerce (Shanghai);POST;;;;1287;1336;1;;
imh-34-707;李耀邦;the Shanghai Chinese Chamber of Commerce;Chinese Chamber of Commerce (Shanghai);POST;;;;1393;1433;1;;
imh-34-707;李耀邦;Chinese Cotton Mill Owners Association;Chinese Cotton Mill Owners Association;POST;;;;1337;1375;1;;
imh-34-707;李耀邦;the Ministry of Industry, Commerce and Labor;Ministry of Industry, Commerce and Labor;POST;;;;1908;1952;1;;
imh-34-707;李耀邦;tl|e Morsran Park Academy;Morsran Park Academy;US;;;;232;257;0,99;;
imh-34-707;李耀邦;the National Christian Council;National Christian Council of China;POST;;;;1689;1719;1;;
imh-34-707;李耀邦;the Council on Health Education,;National Christian Council of China;POST;;Council on Health Education;;1763;1795;1;;
imh-34-707;李耀邦;Southeastern University,;National Southeastern University;POST;;;;1211;1235;1;;
imh-34-707;李耀邦;Sigma Xi;Sigma Xi;US;;;;711;719;0,99;;
imh-34-707;李耀邦;the University of Chicago;University of Chicago;US;;;;274;299;1;;
imh-34-707;李耀邦;the University of Chicago，receiving;University of Chicago;US;;;;431;466;1;;
imh-34-707;李耀邦;Shanghai College;University of Shanghai;POST;;;;1852;1868;1;;
imh-34-707;李耀邦;the National Committee of the Y.M.C.A.'s of China;Y.M.C.A.;POST;;National Committee of China;;977;1026;1;;
imh-34-707;李耀邦;the National Committee of Y-M.C.A.;Y.M.C.A.;POST;;National Committee of China;;1607;1641;1;;
imh-34-707;李耀邦;National Committee of China, Y.M.C.A.,;Y.M.C.A.;POST;;National Committee of China;;2083;2121;0,94;;
imh-34-75;張德輿;the American College of Life Underwriters,;American College of Life Underwriters;POST;;;;1084;1126;0,99;;
imh-34-75;張德輿;the China United Assurance Society;China United Assurance Society;POST;;;;666;700;1;;
imh-34-75;張德輿;China United Assurance Society,;China United Assurance Society;POST;;;;1283;1314;1;;
imh-34-75;張德輿;Metropolitan Life Insurance Company;Metropolitan Life Insurance Company;US;;;;572;607;1;;
imh-34-75;張德輿;Provident Mutual Life Insurance Company;Provident Mutual Life Insurance Company;US;;;;512;551;1;;
imh-34-75;張德輿;St. John's University, Shanghai;St. John's University;PRE;;;;136;167;0,88;;
imh-34-75;張德輿;St. John's University,;St. John's University;POST;;;;1184;1206;0,99;;
imh-34-75;張德輿;University of Pennsylvania;University of Pennsylvania;US;;;;427;453;0,99;;
imh-34-75;張德輿;the U.S.A. Wharton Graduate School of Finance and Commerce,;Wharton School of Commerce and Finance;US;;;;243;302;0,85;;
imh-34-757;林振彬;American University Club,;American University Club (Shanghai);POST;;;;1782;1807;1;;
imh-34-757;林振彬;the Anslo-Ghineae College;Anglo-Chinese College (Foochow);PRE;;;;144;169;0,98;;
imh-34-757;林振彬;the Bakerite Company, Ltd., Inc.f;Bakerite Company;POST;;;;1692;1725;0,99;;
imh-34-757;林振彬;the China Commercial Advertising Agency,;China Commercial Advertising Agency;POST;;;;1234;1274;1;;
imh-34-757;林振彬;China Commercial Advertising Agency，2;China Commercial Advertising Agency;POST;;;;1874;1911;1;;
imh-34-757;林振彬;the China Publicity Company,;China Publicity Company;POST;;;;1087;1115;1;;
imh-34-757;林振彬;Columbia,;Columbia University;US;;;;673;682;1;;
imh-34-757;林振彬;the Commercial Press, Ltd.;Commercial Press;POST;;;;1046;1072;1;;
imh-34-757;林振彬;"Commercial Press, Hon^kew Branch;";Commercial Press;POST;;Hankow branch;;1134;1167;0,98;;
imh-34-757;林振彬;the Commercial Press, Ltd.,;Commercial Press;POST;;;;1194;1221;1;;
imh-34-757;林振彬;"Delta Upsilon;";Delta Upsilon;US;;;;621;635;0,91;;
imh-34-757;林振彬;New York University,;New York University;US;;;;737;757;1;;
imh-34-757;林振彬;Pan-Pacific Association;Pan-Pacific Association of China;POST;;;;1808;1831;1;;
imh-34-757;林振彬;Phi Beta Kappa;Phi Beta Kappa;US;;;;602;616;0,93;;
imh-34-757;林振彬;the Shanghai Bankers* Club»;Shanghai Banker's Club;POST;;;;1754;1781;0,93;;
imh-34-757;林振彬;Hna Collese.;Tsing Hua College;PRE;;;;314;326;0,97;;
imh-34-757;林振彬;the University of Rochester,;University of Rochester;US;;;;491;519;1;;
imh-34-757;林振彬;"the Downtown School of Commerce, University of Shanghai;";University of Shanghai;POST;;Downtown School of Commerce;;1586;1642;0,97;;
imh-34-762;劉湛恩;"the Anti-Civil War League of China;";Anti-Civil War League of China;POST;;;;1859;1894;0,97;;
imh-34-762;劉湛恩;the China Institute of International Relations;China Institute of International Relations;POST;;;;1805;1851;1;;
imh-34-762;劉湛恩;Columbia University,;Columbia University;US;;;;387;407;1;;
imh-34-762;劉湛恩;Teachers* College,;Columbia University;US;;Teachers' College;;429;447;1;;
imh-34-762;劉湛恩;Great China;Great China University;POST;;;;1102;1113;0,71;;
imh-34-762;劉湛恩;"the Institute of Pacific Relations;";Institute of Pacific Relations;POST;;;;1740;1775;0,98;;
imh-34-762;劉湛恩;Kwanghua Universities;Kwang Hwa University;POST;;;;1118;1139;0,8;;
imh-34-762;劉湛恩;"the National Vocational Educational Association;";National Vocational Educational Association;POST;;;;1169;1217;1;;
imh-34-762;劉湛恩;Chinese Government;Nationalist Government (Nanking);POST;;;;664;682;0,92;;
imh-34-762;劉湛恩;Soochow University;Soochow University;PRE;;;;216;234;1;;
imh-34-762;劉湛恩;Chicago University;University of Chicago;US;;;;326;344;1;;
imh-34-762;劉湛恩;"the University of Shanghai;";University of Shanghai;POST;;;;1920;1947;1;;
imh-34-762;劉湛恩;University of Shanghai, Shanghai.;University of Shanghai;POST;;;;1957;1990;0,98;;
imh-34-762;劉湛恩;the National Committee Y.M.C.A.,;Y.M.C.A.;POST;;National Committee of China;;579;611;0,97;;
imh-34-762;劉湛恩;Y-M.C.A.;Y.M.C.A.;POST;;;;915;923;0,93;;
imh-34-796;劉世芳;"American University and Returned Students' Club;";American Returned Students Association;POST;;;;954;1002;0,87;;
imh-34-796;劉世芳;"American University and Returned Students' Club;";American University Club (Shanghai);POST;;;;954;1002;0,87;;
imh-34-796;劉世芳;Chi-Nan University* Shanghai,;Chi-Nan University;POST;;;;704;733;0,98;;
imh-34-796;劉世芳;Chi-Nan University,;Chi-Nan University;POST;;;;877;896;1;;
imh-34-796;劉世芳;Chinese Students* Alliance,;Chinese Students' Alliance;US;;;;454;481;1;;
imh-34-796;劉世芳;the Comparative Law School of China,;Comparative Law School of China;POST;;;;770;806;1;;
imh-34-796;劉世芳;Cosmopolitan Club;Cosmopolitan Club;US;;;;386;403;0,99;;
imh-34-796;劉世芳;Goettingen University,;Goettingen University;Other;;;;489;511;0,98;;
imh-34-796;劉世芳;Harvard University;Harvard University;US;;;;245;263;1;;
imh-34-796;劉世芳;Oberlin College,;Oberlin College;US;;;;268;284;1;;
imh-34-796;劉世芳;"the Shanghai Bar Association;";Shanghai Bar Association;POST;;;;917;946;1;;
imh-34-796;劉世芳;Shanghai High School,;Shanghai High School;PRE;;;;136;157;0,9;;
imh-34-796;劉世芳;Tsing Hua College,;Tsing Hua College;PRE;;;;168;186;1;;
imh-34-796;劉世芳;Berlin University,;University of Berlin;Other;;;;530;548;1;;
imh-34-796;劉世芳;Genoble University,;University of Grenoble;Other;;;;558;577;1;;
imh-34-796;劉世芳;Yale University;Yale University;US;;;;309;324;1;;
imh-34-796;劉世芳;"Yale;";Yale University;US;;;;407;412;0,91;;
imh-34-821;羅泮輝;"Canton-Hankow Railway;";Canton-Hankow Railway;POST;;;;2217;2239;0,99;;
imh-34-821;羅泮輝;Cantonese Guild,;Cantonese Guild;POST;;;;1643;1659;0,99;;
imh-34-821;羅泮輝;Chinese Baptist Mission School;Chinese Baptist Mission School;PRE;;;;132;162;0,97;;
imh-34-821;羅泮輝;"Chinese Ratepayers*' Association, Shanghai International Settlement;";Chinese Ratepayers' Association;POST;;;;1680;1748;0,95;;
imh-34-821;羅泮輝;the Comparative Law School of China;Comparative Law School of China;POST;;;;1382;1417;1;;
imh-34-821;羅泮輝;Harvard U.;Harvard University;US;;;;378;388;0,97;;
imh-34-821;羅泮輝;"Kwangtung Academy;";Kwangtung Academy;POST;;;;1313;1331;1;;
imh-34-821;羅泮輝;"the Law Drafting1 Bureau;";Law Drafting Bureau;POST;;;;1014;1039;1;;
imh-34-821;羅泮輝;the City Government of Shanghai Municipality;Municipality of Greater Shanghai;POST;;;;2258;2302;0,85;;
imh-34-821;羅泮輝;Counsellor's Office,;Municipality of Greater Shanghai;POST;;Counsellor's Office;;2315;2335;0,67;;
imh-34-821;羅泮輝;The City Government of Greater Shanghai,;Municipality of Greater Shanghai;POST;;;;2336;2376;0,98;;
imh-34-821;羅泮輝;Nankiiig* Shanghai Railway;Nanking-Shanghai Railway;POST;;;;1845;1871;0,99;;
imh-34-821;羅泮輝;"Nanking-Shanghai Railway;";Nanking-Shanghai Railway;POST;;;;1926;1951;0,98;;
imh-34-821;羅泮輝;the. Kuomintang Special Organ of N.-S. Ry-;Nanking-Shanghai Railway;POST;;;;1991;2033;0,88;;
imh-34-821;羅泮輝;"Nanking - Shanghai Railway;";Nanking-Shanghai Railway;POST;;;;2085;2112;0,99;;
imh-34-821;羅泮輝;Nanking- Shanghai Railway;Nanking-Shanghai Railway;POST;;;;2132;2157;0,99;;
imh-34-821;羅泮輝;Queen's College,;Queen's College;PRE;;;;200;216;1;;
imh-34-821;羅泮輝;Shanghai Cantonese free schools;Shanghai Cantonese free schools;POST;;;;1528;1559;0,61;;
imh-34-821;羅泮輝;"Shanghai International Municipal Council;";Shanghai Municipal Council;POST;;;;1766;1807;0,99;;
imh-34-821;羅泮輝;"Shanghai-Hangchow-Ningpo Railway;";Shanghai-Hangchow-Ningpo Railway;POST;;;;1484;1517;0,84;;
imh-34-821;羅泮輝;Shanghai-Hang- chow Ningpo Railway;Shanghai-Hangchow-Ningpo Railway;POST;;;;1876;1910;0,98;;
imh-34-821;羅泮輝;"S.-H.-N. Ry.;";Shanghai-Hangchow-Ningpo Railway;POST;;;;2038;2051;0,63;;
imh-34-821;羅泮輝;"Shanghai - Hangchow-Ningpo Railway;";Shanghai-Hangchow-Ningpo Railway;POST;;;;2162;2197;0,99;;
imh-34-821;羅泮輝;Board;Shanghai-Nanking Railway;POST;;Board of Commissioners;;2061;2066;0,71;;
imh-34-821;羅泮輝;Soocnow University);Soochow University;POST;;;;1437;1456;0,99;;
imh-34-821;羅泮輝;U. of Chicago Law School;University of Chicago;US;;Law School;;485;509;1;;
imh-34-822;羅運炎;Baldwin-Wallace College;Baldwin-Wallace College;US;;;;371;394;1;;
imh-34-822;羅運炎;the Shanghai Bureau of Economic Information,;Bureau of Economic Information;POST;;;;1381;1425;1;;
imh-34-822;羅運炎;"the China Christian Literature Council;";China Christian Literature Council;POST;;;;1182;1221;1;;
imh-34-822;羅運炎;the Chinese Christian Advocate >and;Chinese Christian Advocate;POST;;;;958;993;0,95;;
imh-34-822;羅運炎;the Chinese Recorder editorial Board,;Chinese Recorder;POST;;;;1268;1305;0,99;;
imh-34-822;羅運炎;Comparative Law School，;Comparative Law School of China;POST;;;;1234;1257;0,99;;
imh-34-822;羅運炎;International Missionary Council;International Missionary Council;POST;;;;1895;1927;0,75;;
imh-34-822;羅運炎;the Kiukiang First Government School;Kiukiang First Government School;PRE;;;;227;263;0,94;;
imh-34-822;羅運炎;the Legislative Yuan;Legislative Yuan;POST;;;;1049;1069;0,99;;
imh-34-822;羅運炎;"the Methodist East Asia Central Conference;";Methodist East Asia Central Conference;POST;;;;1711;1754;0,99;;
imh-34-822;羅運炎;the Methodist General Conference;Methodist General Conference;POST;;;;1970;2002;0,88;;
imh-34-822;羅運炎;the National Anti-Opium Association,;National Anti-Opium Association;POST;;;;1518;1554;1;;
imh-34-822;羅運炎;the National Child Welfare Association,;National Child Welfare Association of China;POST;;;;1584;1623;1;;
imh-34-822;羅運炎;the National Christian Council;National Christian Council of China;POST;;;;1636;1666;1;;
imh-34-822;羅運炎;the National Government Commission for Opium Suppression,;National Commission for Opium Suppression;POST;;;;1436;1493;1;;
imh-34-822;羅運炎;the National Opium Convention;National Opium Convention;POST;;;;1840;1869;0,89;;
imh-34-822;羅運炎;the National Rehabilitation Conference;National Rehabilitation Conference;POST;;;;1780;1818;0,99;;
imh-34-822;羅運炎;"the National Government;";Nationalist Government (Nanking);POST;;;;1096;1120;0,97;;
imh-34-822;羅運炎;Syracuse University,;Syracuse University;US;;;;496;516;0,99;;
imh-34-822;羅運炎;Teh Hua School,;Teh Hua School;PRE;;;;302;317;1;;
imh-34-822;羅運炎;the University of Michigan;University of Michigan;US;;;;541;567;1;;
imh-34-822;羅運炎;Wen Hua School;Wen Hua School;PRE;;;;268;282;0,99;;
imh-34-822;羅運炎;William Nast College,;William Nast College;PRE;;;;151;172;0,99;;
imh-34-822;羅運炎;Nast College;William Nast College;POST;;;;846;858;1;;
imh-34-822;羅運炎;"the Young People's Friend;";Young People's Friend;POST;;;;994;1020;0,98;;
imh-34-875;馬寅初;the Bank of China,;Bank of China;POST;;;;852;870;1;;
imh-34-875;馬寅初;the Chekiang Provincial Government,;Chekiang Provincial Government;POST;;;;956;991;0,99;;
imh-34-875;馬寅初;Columbia University;Columbia University;US;;;;332;351;1;;
imh-34-875;馬寅初;the Legislative Yuan;Legislative Yuan;POST;;;;1009;1029;1;;
imh-34-875;馬寅初;the Economic Committee of the Yuan,;Legislative Yuan;POST;;Economic Committee;;1086;1121;0,99;;
imh-34-875;馬寅初;Legislative Yuan,;Legislative Yuan;POST;;;;1185;1202;1;;
imh-34-875;馬寅初;the National Commercial Bank;National Commercial Bank;POST;;;;690;718;1;;
imh-34-875;馬寅初;the College of Commerce of Southeastern University,;National Southeastern University;POST;;College of Commerce;;751;802;0,97;;
imh-34-875;馬寅初;the National Government;Nationalist Government (Nanking);POST;;;;1033;1056;0,99;;
imh-34-875;馬寅初;New York University,;New York University;US;;;;433;453;1;;
imh-34-875;馬寅初;Peiyang University,;Peiyang University;PRE;;;;147;166;1;;
imh-34-875;馬寅初;the Peking Government University;Peking Government University;POST;;;;539;571;1;;
imh-34-875;馬寅初;"the Peking Government University;";Peking Government University;POST;;;;912;945;1;;
imh-34-875;馬寅初;Yale University;Yale University;US;;;;302;317;1;;
imh-34-879;茅以昇;the Carnegie Institute of Technolopy;Carnegie Institute of Technology;US;;;;526;562;1;;
imh-34-879;茅以昇;Chien Tang River Bridge Engineering Office;Chien Tang River Bridge;POST;;Engineering Office;;1743;1785;0,99;;
imh-34-879;茅以昇;Cornell University*;Cornell University;US;;;;392;411;1;;
imh-34-879;茅以昇;Cornell University,;Cornell University;POST;;;;1708;1727;1;;
imh-34-879;茅以昇;Conservancy Bureau;Kiangsu Conservancy Bureau;POST;;;;1360;1378;1;;
imh-34-879;茅以昇;McClintic Marshall Construction Co.,;McClintic Marshall Construction Co;US;;;;434;470;1;;
imh-34-879;茅以昇;the Ministry of Communications,;Ministry of Communications;POST;;;;974;1005;1;;
imh-34-879;茅以昇;the Department of Industry;Ministry of Industry, Commerce and Labor;POST;;Department of Industry;;1202;1228;0,99;;
imh-34-879;茅以昇;the Ministry of Industry^ Commerce and Labor,;Ministry of Industry, Commerce and Labor;POST;;;;1232;1277;0,99;;
imh-34-879;茅以昇;the Conservancy Engineering College,;Nanking Conservancy Engineering College;POST;;;;898;934;1;;
imh-34-879;茅以昇;National/ Economic Council,;National Economic Council;POST;;;;1435;1462;1;;
imh-34-879;茅以昇;the College of Engineering;National Southeastern University;POST;;College of Engineering;;803;829;0,9;;
imh-34-879;茅以昇;National Southeastern University,;National Southeastern University;POST;;;;833;866;1;;
imh-34-879;茅以昇;Peiyang University,;Peiyang University;POST;;;;1122;1141;1;;
imh-34-879;茅以昇;Peiyang University,;Peiyang University;POST;;;;1309;1328;1;;
imh-34-879;茅以昇;the Tangshan Engineering College;Tangshan Engineering College;PRE;;;;213;245;1;;
imh-34-879;茅以昇;Tangshan Engineering College,;Tangshan Engineering College;POST;;;;756;785;1;;
imh-34-879;茅以昇;Tangshan University,;Tangshan University;POST;;;;1058;1078;0,99;;
imh-34-879;茅以昇;Tsing Hua;Tsing Hua College;PRE;;;;335;344;0,83;;
imh-34-880;梅其駒;American Government;American Government;US;;;;516;535;0,82;;
imh-34-880;梅其駒;the Association of Foreign Press Correspondents;Association of Foreign Press Correspondents;POST;;;;1356;1403;1;;
imh-34-880;梅其駒;The China Press,;China Press;POST;;;;1448;1464;1;;
imh-34-880;梅其駒;the China Review,;China Review;POST;;;;904;921;1;;
imh-34-880;梅其駒;the China Trade Bureau,;China Trade Bureau;US;;;;803;826;1;;
imh-34-880;梅其駒;the Farm Labor Administration;Farm Labor Administration (Illinois);US;;;;640;669;1;;
imh-34-880;梅其駒;the Nationalist News Agency,;Kuo Min News Agency;POST;;;;1033;1061;1;;
imh-34-880;梅其駒;the Kuo Min News Agency,;Kuo Min News Agency;POST;;;;1096;1120;1;;
imh-34-880;梅其駒;Kuomintang;Kuomintang;PRE;;;;459;469;0,95;;
imh-34-880;梅其駒;New York Newspaper Club,;New York Newspaper Club;US;;;;1309;1333;1;;
imh-34-880;梅其駒;the Overseas Trust Company,;Overseas Trust Company;POST;;;;1484;1511;1;;
imh-34-880;梅其駒;the State Council of Defense,;State Council of Defense (Illinois);US;;;;688;717;0,99;;
imh-34-880;梅其駒;"the U.S. Department of Labor;";United States Department of Labor;US;;;;761;790;0,91;;
imh-34-882;梅華銓;A.A. Scottish Rite,;A.A. Scottish Rite;POST;;;;3873;3892;0,91;;
imh-34-882;梅華銓;A.A.O.N.;A.A.O.N.;POST;;;;3899;3907;0,97;;
imh-34-882;梅華銓;Afifi;Afifi Temple;POST;;;;3923;3928;0,33;;
imh-34-882;梅華銓;Bar Association,;American Bar Association;POST;;Journal;;4385;4401;0,65;;
imh-34-882;梅華銓;American Returned Students Association,;American Returned Students Association;POST;;;;3167;3206;1;;
imh-34-882;梅華銓;American Returned Stndents, Clubt;American Returned Students Association;POST;;;;3649;3682;1;;
imh-34-882;梅華銓;American Returned Students Association,;American Returned Students Association;POST;;;;3699;3738;1;;
imh-34-882;梅華銓;American University Club,;American University Club (Shanghai);POST;;;;2974;2999;1;;
imh-34-882;梅華銓;American University Club,;American University Club (Shanghai);POST;;;;3748;3773;1;;
imh-34-882;梅華銓;Amity Lodge, No. 106,;Amity Lodge No. 106;POST;;;;3951;3972;0,84;;
imh-34-882;梅華銓;F.;Amity Lodge No. 106;POST;;A.F. & A.M;;3973;3975;0,62;;
imh-34-882;梅華銓;Cantonese Union Church,;Cantonese Union Church;POST;;;;2680;2703;1;;
imh-34-882;梅華銓;China Administration, of Sequestered German and Austrian Vessels,;China Administration of Sequestered German and Austrian Vessels;POST;;;;2444;2509;0,82;;
imh-34-882;梅華銓;China Bureau of Public Information,;China Bureau of Public Information;POST;;;;3482;3517;1;;
imh-34-882;梅華銓;The China Society of America, Inc.,;China Society of America Inc;US;;;;1045;1080;1;;
imh-34-882;梅華銓;China's Young Men,;China's Young Men;POST;;;;1743;1761;0,8;;
imh-34-882;梅華銓;Chinese Recorder,;Chinese Recorder;POST;;;;4241;4258;0,86;;
imh-34-882;梅華銓;Chinese Students' Monthly,;Chinese Students' Monthly;US;;;;542;568;1;;
imh-34-882;梅華銓;Columbia Alumni Association of China,;Columbia Alumni Association of China;POST;;;;2845;2882;0,99;;
imh-34-882;梅華銓;Columbia University,;Columbia University;US;;;;376;396;1;;
imh-34-882;梅華銓;Columbia Law School,;Columbia University;US;;Columbia Law School;;579;599;1;;
imh-34-882;梅華銓;Commis' sioner of Foreign Affairs,;Commissioner of Foreign Affairs (Shanghai);POST;;;;2384;2418;0,97;;
imh-34-882;梅華銓;Governing Hoard, Communijy Church,;Community Church (Shanghai);POST;;Governing Board;;2731;2765;0,85;;
imh-34-882;梅華銓;Comparative Law School of China,;Comparative Law School of China;POST;;;;1852;1884;1;;
imh-34-882;梅華銓;Far Eastern American Bar Association,;Far Eastern American Bar Association;POST;;;;3587;3624;0,98;;
imh-34-882;梅華銓;International Anti-Opium Association,;International Anti-Opium Association;POST;;;;3109;3146;1;;
imh-34-882;梅華銓;International Mixed Court,;International Mixed Court;POST;;;;1285;1311;1;;
imh-34-882;梅華銓;Tung~Meng*Huu New York Branch Kuomingtang,;Kuomintang;POST;;Tung Meng Hui New York Branch ;;969;1011;0,97;;
imh-34-882;梅華銓;Shanghai Branch School,;Lingnan University;POST;Trustee;Shanghai Branch School;Board of Trustees;3225;3248;0,97;;
imh-34-882;梅華銓;Lingnan University,;Lingnan University;POST;Trustee;;;3249;3268;0,94;;
imh-34-882;梅華銓;Mei & Liu,;Mei & Liu;POST;;;;2643;2653;0,99;;
imh-34-882;梅華銓;Mei, Liu & Mok,;Mei Liu & Mok;POST;;;;2614;2629;0,99;;
imh-34-882;梅華銓;Ministry of Justice,;Ministry of Justice;POST;;;;1371;1391;0,99;;
imh-34-882;梅華銓;Ministry Justice,;Ministry of Justice;POST;;;;1418;1435;0,99;;
imh-34-882;梅華銓;Mokan- shan Summer Resort Association,;Mokanshan Summer Resort Association;POST;;;;4094;4132;1;;
imh-34-882;梅華銓;Shrine,;Mystic Shrine;POST;;;;3915;3922;0,43;;
imh-34-882;梅華銓;Intelligence Bureau,;National Government (Peking);POST;;Intelligence Bureau;;2113;2133;0,99;;
imh-34-882;梅華銓;Republican Government of China,;National Government (Peking);POST;;;;2134;2165;0,89;;
imh-34-882;梅華銓;College of the City of New York,;New York City College;US;;;;327;359;0,99;;
imh-34-882;梅華銓;New York Courts,;New York Courts;US;;;;924;940;0,94;;
imh-34-882;梅華銓;New York Public and High Schools^;New York Public and High Schools;US;;;;208;241;0,92;;
imh-34-882;梅華銓;New York Supreme Court,;New York Supreme Court;US;;;;1164;1187;0,96;;
imh-34-882;梅華銓;New York Tribune,;New York Tribune;POST;;;;4305;4322;0,99;;
imh-34-882;梅華銓;New York University,;New York University;US;;;;781;801;1;;
imh-34-882;梅華銓;Peace Conference,;Paris Peace Conference;POST;;;;3375;3392;0,59;;
imh-34-882;梅華銓;Phi Beta Kappa,;Phi Beta Kappa;US;;;;464;479;0,99;;
imh-34-882;梅華銓;Phi Beta Kappa Association of East China,;Phi Beta Kappa Association of East China;POST;;;;4149;4190;0,98;;
imh-34-882;梅華銓;San Francisco Public and Chinese Schools,;San Francisco Public and Chinese Schools;US;;;;157;198;0,76;;
imh-34-882;梅華銓;Shanghai Bar Association;Shanghai Bar Association;POST;;;;3545;3569;0,99;;
imh-34-882;梅華銓;Shanghai Rotary Club,;Shanghai Rotary Club;POST;;;;3784;3805;0,99;;
imh-34-882;梅華銓;Sinlm Lodge, A.F. & A.M.,;Sinim Lodge;POST;;A.F. & A.M;;3816;3841;0,94;;
imh-34-882;梅華銓;Society for Constructive Endeavor,;Society for Constructive Endeavor;POST;;;;3023;3057;1;;
imh-34-882;梅華銓;University Law Department);Soochow University;POST;;Law Department;;1904;1930;0,99;;
imh-34-882;梅華銓;Intelligence Buj^auL_Sputh^rn Peace Delegation,;Southern Peace Delegation;POST;;Intelligence Bureau;;3409;3456;0,99;;
imh-34-882;梅華銓;United States Cricuit of Appeals,;United States Circuit of Appeals;US;;;;1235;1268;0,96;;
imh-34-882;梅華銓;United States Court for China,;United States Court for China;POST;;;;1322;1352;0,84;;
imh-34-882;梅華銓;United States Court for China,;United States Court for China;POST;;;;2191;2221;0,98;;
imh-34-882;梅華銓;States District Court,;United States District Court;US;;;;1208;1230;0,8;;
imh-34-882;梅華銓;Wherry and Mygatt,;Wherry and Mygatt;US;;;;856;874;1;;
imh-34-882;梅華銓;National Committee, Y.M.C.A/S of China,;Y.M.C.A.;POST;;National Committee of China;;1686;1725;0,98;;
imh-34-882;梅華銓;Chinese Y.M.C.A.,;Y.M.C.A.;POST;;Chinese Y.M.C.A;;2242;2259;0,99;;
imh-34-882;梅華銓;Yangtsze- poo Social Center,;Yangtszepoo Social Center;POST;;;;2796;2824;1;;
imh-34-904;牛惠生;the American College of Surgeons,;American College of Surgeons;POST;;;;3319;3352;1;;
imh-34-904;牛惠生;the American Medical Association;American Medical Association;POST;;;;1420;1452;1;;
imh-34-904;牛惠生;"the American Orthopedic Association;";American Orthopedic Association;POST;;;;1519;1555;1;;
imh-34-904;牛惠生;American University Club of North Chinar;American University Club of North China;POST;;North China;;2023;2063;1;;
imh-34-904;牛惠生;Amity Lodge of;Amity Lodge No. 106;POST;;;;3550;3564;0,93;;
imh-34-904;牛惠生;the Boylston Medical Society;Boylston Medical Society;POST;;;;1295;1323;1;;
imh-34-904;牛惠生;the Carney Hospital,;Carney Hospital;US;;;;784;804;1;;
imh-34-904;牛惠生;the Children's Hospital;Children's Hospital (Boston);US;;;;813;836;1;;
imh-34-904;牛惠生;the China Medical Association;China Medical Association;POST;;;;4071;4100;1;;
imh-34-904;牛惠生;"the China Medical Missionary Association;";China Medical Missionary Association;POST;;;;1780;1821;1;;
imh-34-904;牛惠生;the China Medical Missionary Association,;China Medical Missionary Association;POST;;;;2414;2455;1;;
imh-34-904;牛惠生;the Chinese Infectious Diseases Hospital;Chinese Infectious Diseases Hospital;POST;;;;3088;3128;1;;
imh-34-904;牛惠生;the Chinese Medical Association;Chinese Medical Association;POST;;;;4109;4140;1;;
imh-34-904;牛惠生;the Executive Committee;Chinese Medical Association;POST;;Executive Committee;;4220;4243;0,97;;
imh-34-904;牛惠生;"the Chinese Medical Association;";Chinese Medical Association;POST;;;;4247;4279;0,99;;
imh-34-904;牛惠生;the Ginling Lodge of;Ginling Lodge;POST;;;;3583;3603;0,95;;
imh-34-904;牛惠生;Harvard Club of North China,;Harvard Club of North China;POST;;;;1972;2000;1;;
imh-34-904;牛惠生;Harvard Medical School of China* Shanghai;Harvard Medical School of China;POST;;;;614;655;0,96;;
imh-34-904;牛惠生;Harvard Medical School,;Harvard University;US;;Harvard Medical School;;396;419;1;;
imh-34-904;牛惠生;Harvard Medical School;Harvard University;US;;Harvard Medical School;;963;985;1;;
imh-34-904;牛惠生;"Islam Temple of San Francisco;";Islam Temple of San Francisco;POST;;;;3494;3524;0,92;;
imh-34-904;牛惠生;Johns Hopkins Hospital;Johns Hopkins Hospital;US;;;;1080;1102;1;;
imh-34-904;牛惠生;the Lung Hua Clinic;Lung Hua Clinic;POST;;;;3163;3182;1;;
imh-34-904;牛惠生;the Margaret Williamson Hospital，;Margaret Williamson Hospital;POST;;;;2739;2772;1;;
imh-34-904;牛惠生;the Massachusetts General Hospital;Massachusetts General Hospital;US;;;;841;875;1;;
imh-34-904;牛惠生;Massachusetts General Hospital,;Massachusetts General Hospital;US;;;;1016;1047;1;;
imh-34-904;牛惠生;the Massachusetts Medical Society;Massachusetts Medical Society;POST;;;;1469;1502;1;;
imh-34-904;牛惠生;"the Medical School of Central University;";National Central University;POST;;Medical School;;3798;3839;0,98;;
imh-34-904;牛惠生;"the National Child Welfare Association;";National Child Welfare Association of China;POST;;;;3244;3283;1;;
imh-34-904;牛惠生;the National Medical Association of China;National Medical Association of China;POST;;;;1664;1705;1;;
imh-34-904;牛惠生;the National Medical Association of China*;National Medical Association of China;POST;;;;2087;2129;1;;
imh-34-904;牛惠生;the National Medical Association of Chma,;National Medical Association of China;POST;;;;2164;2205;1;;
imh-34-904;牛惠生;National MedicM Association of China,;National Medical Association of China;POST;;;;2225;2262;1;;
imh-34-904;牛惠生;the National Medical Association of China;National Medical Association of China;POST;;;;4025;4066;1;;
imh-34-904;牛惠生;the Orthopedic Hospital of Shanghai,;Orthopedic Hospital of Shanghai;POST;;;;3874;3910;1;;
imh-34-904;牛惠生;the Peking Medical. Society,;Peking Medical Society;POST;;;;1848;1876;1;;
imh-34-904;牛惠生;Peking Union Medical College,;Peking Union Medical College;POST;;;;1195;1224;1;;
imh-34-904;牛惠生;Phi Tau Phi,;Phi Tau Phi;POST;;;;2677;2689;1;;
imh-34-904;牛惠生;"the Rockefeller Foundation;";Rockefeller Foundation;US;;;;716;743;1;;
imh-34-904;牛惠生;the Shanghai Medical Board;Shanghai Medical Board;POST;;;;4298;4324;0,99;;
imh-34-904;牛惠生;the Shanghai Medical Society,;Shanghai Medical Society;POST;;;;2286;2315;1;;
imh-34-904;牛惠生;the Shanghai Medical Society.;Shanghai Medical Society;POST;;;;2338;2367;1;;
imh-34-904;牛惠生;"the Shanghai Municipal Council;";Shanghai Municipal Council;POST;;;;4328;4359;0,94;;
imh-34-904;牛惠生;Sijiim Lodge of Shanghai;Sinim Lodge;POST;;;;3449;3473;0,93;;
imh-34-904;牛惠生;Soochow Hospital,;Soochow Hospital;POST;;;;2820;2837;1;;
imh-34-904;牛惠生;St. John、 Middle School,;St. John Middle School;PRE;;;;259;283;0,98;;
imh-34-904;牛惠生;St. John's Alumni Association of Peking,;St. John's Alumni Association;POST;;Peking;;1899;1939;0,99;;
imh-34-904;牛惠生;St, John^a Alumni Association,;St. John's Alumni Association;POST;;;;2479;2509;1;;
imh-34-904;牛惠生;the St. John*a Alumni Association,;St. John's Alumni Association;POST;;;;2533;2567;1;;
imh-34-904;牛惠生;St. John's University Alumni Advisory Council,;St. John's Alumni Association;POST;;Advisory Council;;2598;2644;1;;
imh-34-904;牛惠生;St. John*s University,;St. John's University;PRE;;;;304;326;1;;
imh-34-904;牛惠生;tlie St. John's University Medical School;St. John's University;POST;;Medical School;;3668;3709;0,97;;
imh-34-904;牛惠生;St. Luke's Hospital New;St. Luke's Hospital;POST;;;;489;512;0,93;;
imh-34-904;牛惠生;"the Tung Ka Doo Clinic;";Tung Ka Doo Clinic;POST;;;;3187;3210;1;;
imh-34-904;牛惠生;the Whangrpoo River Conservancy,;Whangpoo River Conservancy;POST;;;;2926;2958;1;;
imh-34-904;牛惠生;the Women's Christian Union Medical College;Women's Christian Union Medical College;POST;;;;3714;3757;1;;
imh-34-904;牛惠生;the Yangtsze River Commission,;Yangtsze River Commission;POST;;;;2895;2925;1;;
imh-34-940;薩福均;the Canton-Hankow Railway;Canton-Hankow Railway;POST;;;;516;541;1;;
imh-34-940;薩福均;the Kiao-Tai Railway,;Kiao-Tai Railway;POST;;Administrative Board;;980;1001;1;;
imh-34-940;薩福均;the Kiao-Tai Railway,;Kiao-Tai Railway;POST;;;;1095;1116;1;;
imh-34-940;薩福均;the Kuo-Pi Railway Co.,;Kuo-Pi Railway Co;POST;;;;725;748;1;;
imh-34-940;薩福均;the Ministry of Communicationst;Ministry of Communications;POST;;;;824;855;1;;
imh-34-940;薩福均;the Ministry of Communications,;Ministry of Communications;POST;;;;1017;1048;1;;
imh-34-940;薩福均;Engineering Department;Ministry of Railways;POST;;Engineering Department;;1140;1162;0,73;;
imh-34-940;薩福均;the Ministry of Railways,;Ministry of Railways;POST;;;;1166;1191;1;;
imh-34-940;薩福均;Engineering Department,;Ministry of Railways;POST;;Engineering Department;;1241;1264;0,95;;
imh-34-940;薩福均;Ministry of Railways,;Ministry of Railways;POST;;;;1265;1286;0,92;;
imh-34-940;薩福均;Purdue University;Purdue University;US;;;;396;413;0,99;;
imh-34-940;薩福均;St. John's University,;St. John's University;PRE;;;;218;240;1;;
imh-34-940;薩福均;"the Szechuan-Hankow Railway，1913;";Szechuan-Hankow Railway;POST;;;;612;645;0,89;;
imh-34-995;孫科;Canton Municipal Office;Canton Municipal Government;POST;;;;1167;1190;0,96;;
imh-34-995;孫科;"the Canton Times;";Canton Times;POST;;;;1076;1093;0,99;;
imh-34-995;孫科;Columbia University;Columbia University;US;;;;729;748;1;;
imh-34-995;孫科;the Examination Yuan;Examination Yuan;POST;;;;2930;2950;1;;
imh-34-995;孫科;"the Executive Yuan;";Executive Yuan;POST;;;;3307;3326;1;;
imh-34-995;孫科;Fuhtan University,;Fudan University;POST;Honorary;;;3623;3641;1;;
imh-34-995;孫科;the Central Executive Committee;Kuomintang;POST;;Central Executive Committee;;2116;2147;1;;
imh-34-995;孫科;the Political Council;Kuomintang;POST;;Political Council;;2155;2176;1;;
imh-34-995;孫科;the Kuomintangr Party;Kuomintang;POST;;;;2180;2201;0,97;;
imh-34-995;孫科;Kuomintang;Kuomintang;POST;;;;3244;3254;0,93;;
imh-34-995;孫科;Standing: Committee of Central Executive Committee;Kuomintang;POST;;Central Executive Committee;Standing Committee;3486;3536;0,99;;
imh-34-995;孫科;Central Political Council;Kuomintang;POST;;Central Political Council;;3541;3566;1;;
imh-34-995;孫科;"Kuomintang;";Kuomintang;POST;;;;3574;3585;0,77;;
imh-34-995;孫科;Kwangtun^ Provincial Government;Kwangtung Provincial Government;POST;;;;1123;1154;0,85;;
imh-34-995;孫科;"Kwangtung Provincial Government;";Kwangtung Provincial Government;POST;;;;2051;2083;0,95;;
imh-34-995;孫科;"Kwangtun^ River Conservancy Board;";Kwangtung River Conservancy Board;POST;;;;1228;1262;1;;
imh-34-995;孫科;"the Legislative Yuan;";Legislative Yuan;POST;;;;64;85;1;;
imh-34-995;孫科;the Legislative Yuan;Legislative Yuan;POST;;;;3369;3389;1;;
imh-34-995;孫科;Legislative Yuan,;Legislative Yuan;POST;;;;3672;3689;1;;
imh-34-995;孫科;Aviation;Military Aviation;POST;;;;2397;2405;0,62;;
imh-34-995;孫科;the Ministry of Railways;Ministry of Railways;POST;;;;2775;2799;1;;
imh-34-995;孫科;Railways;Ministry of Railways;POST;;;;2886;2894;0,56;;
imh-34-995;孫科;National Aviation Corporation,;National Aviation Corporation;POST;;;;2998;3028;1;;
imh-34-995;孫科;Standing Committee of National Economic Council，member;National Economic Council;POST;;;;3428;3482;0,99;;
imh-34-995;孫科;the Nationalist Government;Nationalist Government (Nanking);POST;;;;2221;2247;1;;
imh-34-995;孫科;the Nanking Government;Nationalist Government (Nanking);POST;;;;2463;2485;0,99;;
imh-34-995;孫科;the Reconstruction Review;Reconstruction Review;POST;;;;1046;1071;0,99;;
imh-34-995;孫科;the Nationalist Government;Revolutionary Government (Canton);POST;;;;1805;1831;1;;
imh-34-995;孫科;"the Government Council;";Revolutionary Government (Canton);POST;;Government Council;;1889;1912;1;;
imh-34-995;孫科;the Committee of Military Affairs;Revolutionary Government (Canton);POST;;Committee of Military Affairs;;2422;2455;1;;
imh-34-995;孫科;Senate;Senate;POST;;;;1009;1015;0,99;;
imh-34-995;孫科;the University of California;University of California;US;;;;587;615;1;;
imh-34-995;孫科;the War Economic Council,;War Economic Council;POST;;;;2350;2375;1;;