Name_eng;Name_zh;Nationality;University;State;Degree_source;Degree_level;Field_2;Field_main;Year_start;Year_end;start;end;duration;nDeg;dur_nDeg;period;Life_member;Deceased;Employer_main;Employer_2;Sector_1;Sector_2;Country;City;Street_name;Street_2;Street_nbr;Building;Page;PDF
Abend_Hallet;NA;Western;Stanford;California;NA;NA;NA;NA;1905;1908;1905;1908;4;1;4;1883-1908;1933;NA;NA;NA;NA;NA;China;Shanghai;NA;NA;NA;Broadway Mansions;183;212
Allman_N.F.;NA;Western;Virginia;Virginia;B.A.;Bachelor;Arts;Humanities;1916;1916;1916;1916;1;1;1;1909-1918;1930;NA;NA;NA;NA;NA;China;Shanghai;NA;NA;208;Hamilton House;183;212
Allman_Roy G.;NA;Western;Virginia;Virginia;LL.B.;Bachelor;Law;Law;1930;1930;1930;1930;1;1;1;1919-1935;1933;NA;NA;NA;NA;NA;China;Shanghai;NA;NA;208;Hamilton House;183;212
Anderson_Paul M.;安 建 生;Western;Pittsburg Theological Seminary;Pennsylvania;B.D.;Bachelor;Theology;Theology;1917;1917;1914;1917;4;2;2;1909-1918;NA;NA;Occidental Life Insurance Company;NA;Company;Insurance;China;Shanghai;Kiukiang;NA;113;NA;183;212
Armour_Wendell;NA;Western;Yale;Connecticut;NA;NA;NA;NA;1912;1915;1912;1915;4;1;4;1909-1918;NA;NA;Salt Revenue Administration;NA;Central Government;Administration;China;Shanghai;Bund;NA;18;NA;183;212
Arnold_Harrison;安樂生;Western;California;California;A.B.;Bachelor;Arts;Humanities;1931;1931;1931;1931;1;1;1;1919-1935;NA;NA;Ford Motor Company Exports, Inc.;NA;Company;Automobile;China;Shanghai;NA;NA;244;Hamilton House;183;212
Arnold_Julean;安諾德;Western;California;California;B.S.;Bachelor;Sciences;Sciences;1902;1902;1902;1919;18;2;9;1883-1908;1930;NA;U.S. Department of Commerce;American Commercial Attache;Foreign Government;Administration;China;Shanghai;Canton;NA;51;NA;183;212
Arnold_Millard;安納德;Western;California;California;NA;NA;NA;NA;1931;1931;1931;1931;1;1;1;1919-1935;NA;NA;National City Bank of New York;NA;Company;Banking;China;Peiping;NA;NA;NA;NA;183;212
Au_Silwing P.C.;區兆榮;Chinese;Chicago;Illinois;J.D.;Doctorate;Law;Law;1926;1926;1921;1926;6;2;3;1919-1935;NA;NA;NA;NA;NA;NA;China;Shanghai;Yu Yuen;NA;120;NA;183;212
Avery_Eric;芡復禮;Western;Princeton;New Jersey;NA;NA;NA;NA;1928;1929;1928;1929;2;1;2;1919-1935;1935;NA;Asiatic Petroleum Company;NA;Company;Chemical;China;Shanghai;Bund;NA;1;NA;183;212
Baker_John Earl;NA;Western;Wisconsin;Wisconsin;M.A.;NA;NA;NA;1908;1908;1906;1908;3;2;1.5;1883-1908;NA;NA;NA;NA;NA;NA;U.S.A.;NA;NA;NA;NA;NA;183;212
Baldwin_Berry O.;NA;Western;Trinity;Texas;B.S.;Bachelor;Sciences;Sciences;1928;1928;1928;1928;1;1;1;1919-1935;NA;NA;National City Bank of New York;NA;Company;Banking;China;Shanghai;Kiukiang;NA;41;NA;183;212
Barnett_E.E.;NA;Western;Emory;Georgia;B.A.;Bachelor;Arts;Humanities;1907;1907;1907;1907;1;1;1;1883-1908;NA;NA;Young Men's Christian Association;Y.M.C.A. National Committee;Organization;Religious;China;Shanghai;Museum;NA;131;NA;183;212
Bassett_Arthur;NA;Western;Washington, St. Louis;Missouri;LL.B.;Bachelor;Law;Law;1902;1902;1900;1902;3;2;1.5;1883-1908;NA;NA;Yee Tsoong Tobacco Company;NA;Company;Tobacco;China;Shanghai;Soochow;NA;175;NA;184;213
Bates_Milton Marcus;NA;Western;Brown;Rhode Island;Ph.B.;Bachelor;Philosophy;Humanities;1902;1902;1902;1902;1;1;1;1883-1908;NA;NA;National City Bank of New York;NA;Company;Banking;China;Shanghai;Kiukiang;NA;41;NA;184;213
Bau_C.L.;鮑慶林;Western;Minnesota;Minnesota;B.A.;Bachelor;Arts;Humanities;1917;1917;1917;1917;1;1;1;1909-1918;NA;NA;Commercial Press;NA;Company;Press & Publishing;China;Shanghai;Honan;NA;211;NA;184;213
Beath_Sterling;NA;Western;Chicago;Illinois;M.A.;NA;NA;NA;1917;1917;1913;1917;5;2;2.5;1909-1918;NA;NA;University of Shanghai;NA;Education;University;China;Shanghai;Chungkung;NA;771;NA;184;213
Belknap_W.C.;NA;Western;Princeton;New Jersey;NA;NA;NA;NA;1906;1910;1906;1910;5;1;5;1883-1908;1931;NA;Yee Tsoong Tobacco Company;NA;Company;Tobacco;China;Shanghai;Soochow;NA;175;NA;184;213
Bitting_Samuel Tilden;NA;Western;Virginia;Virginia;M.A.;NA;NA;NA;1915;1915;1915;1915;1;1;1;1909-1918;NA;NA;National City Bank of New York;NA;Company;Banking;China;Shanghai;Kiukiang;NA;41;NA;184;213
Bixby_Harold M.;NA;Western;Amherst;Massachusetts;NA;NA;NA;NA;1913;1913;1913;1913;1;1;1;1909-1918;NA;NA;China National Aviation Corporation;NA;Company;Transportation;China;Shanghai;Canton;NA;51;NA;184;213
Boone_R.A.;NA;Western;Naval Academy (Annapolis);Maryland;B.S.;Bachelor;Sciences;Sciences;1920;1920;1920;1920;1;1;1;1919-1935;NA;NA;U.S. Army;U.S. Fourth Marines;Army;Foreign;China;Shanghai;Haiphong;NA;527;NA;184;213
Bowen_Frederick A.;NA;Western;Middlebury;Vermont;A.B.;Bachelor;Arts;Humanities;1911;1911;1911;1911;1;1;1;1909-1918;1934;NA;Commercial & Credit Information Bureau;NA;Company;Press & Publishing;China;Shanghai;Museum;NA;118;NA;184;213
Boynton_C.L.;NA;Western;Pomona;California;B.A.;Bachelor;Arts;Humanities;1901;1901;1901;1901;1;1;1;1883-1908;NA;NA;National Christian Council;NA;Organization;Religious;China;Shanghai;Yuen Ming Yuen;NA;169;NA;184;213
Brewer_R.W.;卜魯華;Western;Wisconsin;Wisconsin;B.S.;Bachelor;Sciences;Sciences;1921;1921;1921;1921;1;1;1;1919-1935;1933;NA;Ford Hire Service;NA;Company;Automobile;China;Shanghai;Great Western;NA;76;NA;184;213
Brown_Irving S.;卜朗;Western;Drake;Iowa;A.B.;Bachelor;Arts;Humanities;1920;1920;1920;1920;1;1;1;1919-1935;1936;NA;American Consulate General;NA;Foreign Government;Consulate;China;Shanghai;Kiangse;NA;181;NA;184;213
Bryan_Robert T.;NA;Western;North Carolina;North Carolina;LL.B.;Bachelor;Law;Law;1916;1916;1916;1916;1;2;0.5;1909-1918;1935;NA;Shanghai Municipal Council;S.M.C. Legal Dept.;Local Government;Foreign;China;Shanghai;Honan;Hankow;NA;NA;184;213
Butrick_Richard P.;白居理;Western;Georgetown;District of Columbia;NA;NA;NA;NA;1918;1921;1918;1921;4;1;4;1909-1918;1936;NA;American Consulate General;NA;Foreign Government;Consulate;China;Shanghai;Kiangse;NA;181;NA;184;213
Calder_A. Bland;髙爾韹;Western;Columbia;New York;NA;NA;NA;NA;1915;1915;1915;1915;1;1;1;1909-1918;NA;NA;U.S. Department of Commerce;NA;Foreign Government;Commerce;China;Shanghai;Canton;NA;51;NA;185;214
Carnes_Paul S.;NA;Western;Montana State;Montana;B.S.;Bachelor;Sciences;Sciences;1925;1925;1925;1925;1;1;1;1919-1935;NA;NA;Henningsen Produce Company;NA;Company;Food;China;Shanghai;Sawgin;NA;250;NA;185;214
Carr_John;NA;Western;California Institute of Technology;California;B.S.;Bachelor;Sciences;Sciences;1924;1924;1924;1924;1;1;1;1919-1935;NA;NA;York Shipley, Inc.;NA;Company;Mechanical;China;Shanghai;Jinkee;NA;81;NA;185;214
Ch'en_Yangyi;陳洋溢;Chinese;Pennsylvania;Pennsylvania;M.B.A.;Master;Business Administration;Business & Commerce;1932;1932;1929;1932;4;2;2;1919-1935;NA;NA;Chinese Maritime Customs;Customs College;Central Government;Administration;China;Shanghai;Prosper Paris;NA;200;NA;187;214
Chai_Ke Kung;翟克恭;Chinese;Pennsylvania;Pennsylvania;M.B.A.;Master;Business Administration;Business & Commerce;1931;1931;1928;1931;4;2;2;1919-1935;NA;NA;Central Mint;NA;Central Government;Administration;China;Shanghai;Gordon;NA;NA;NA;185;214
Chan_Guy Hugh;陳繼堯;Chinese;Northwestern;Illinois;M.D.;Doctorate;Medicine;Medicine;1921;1921;1917;1921;5;2;2.5;1909-1918;NA;NA;NA;NA;NA;NA;China;Shanghai;Peking;NA;156;NA;185;214
Chan_Qui Hin;陳達明;Chinese;McGill;Quebec;M.D.;Doctorate;Medicine;Medicine;1925;1925;1925;1925;1;1;1;1919-1935;1930;NA;NA;NA;NA;NA;China;Shanghai;Range;NA;287;NA;185;214
Chan_Stanley H.;陳受康;Chinese;Stanford;California;NA;NA;NA;NA;1931;1933;1929;1933;5;3;1.7;1919-1935;NA;NA;National University of Peking;NA;Education;University;China;Peiping;NA;NA;NA;NA;185;214
Chang_Hsueh-Wen;張學文;Chinese;Harvard;Massachusetts;M.B.A.;Master;Business Administration;Business & Commerce;1913;1913;1913;1913;1;1;1;1909-1918;NA;NA;Central Mint;NA;Central Government;Administration;China;Shanghai;Central;NA;NA;NA;185;214
Chang_Kin-fang;窣經芳;Chinese;Harvard;Massachusetts;M.B.A.;Master;Business Administration;Business & Commerce;1923;1923;1923;1923;1;1;1;1919-1935;1931;NA;Kailan Mining Administration;NA;Company;Metal & Mining;China;Shanghai;Bund;NA;12;NA;185;214
Chang_Loy;琊萊;Chinese;Harvard;Massachusetts;M.B.A.;Master;Business Administration;Business & Commerce;1916;1916;1913;1916;4;2;2;1909-1918;1936;NA;Chinese Maritime Customs;Customs Administration;Central Government;Administration;China;Shanghai;Bund;NA;13;NA;185;214
Chang_Samuel H.;張似旭;Chinese;Haverford;Pennsylvania;B.S.;Bachelor;Sciences;Sciences;1924;1924;1924;1924;1;1;1;1919-1935;1933;NA;Asia Life Insurance Company;NA;Company;Insurance;China;Shanghai;Bund;NA;17;NA;185;214
Chang_Ting-Chin;張廷金;Chinese;Pennsylvania;Pennsylvania;M.E.E.;Master;Electrical Engineering;Engineering;1915;1915;1913;1915;3;2;1.5;1909-1918;NA;NA;Chiao Tung University;NA;Education;University;China;Shanghai;Haig;NA;1954;NA;185;214
Chang_Tuh-yui;張德輿;Chinese;Pennsylvania;Pennsylvania;M.B.A.;Master;Business Administration;Business & Commerce;1924;1924;1924;1924;1;1;1;1919-1935;1935;NA;China United Assurance;NA;Company;Insurance;China;Shanghai;Bubbling Well;NA;104;NA;185;214
Chang_Z.L.;張祥麟;Chinese;Columbia;New York;A.B.;Bachelor;Arts;Humanities;1926;1926;1926;1926;1;1;1;1919-1935;1930;NA;NA;NA;NA;NA;China;Shanghai;Grouchy;NA;51;NA;186;215
Chao_Shen;趙深;Chinese;Pennsylvania;Pennsylvania;M.Arch.;Master;Architecture;Architecture;1923;1923;1923;1923;1;1;1;1919-1935;NA;NA;National Commercial Bank;NA;Company;Banking;China;Shanghai;Peking;NA;200;NA;186;215
Cheek_M.C.;NA;Western;Naval Academy (Annapolis);Maryland;B.S.;Bachelor;Sciences;Sciences;1913;1913;1913;1913;1;1;1;1909-1918;NA;NA;American Foreign Insurance Association;NA;Organization;Business;China;Shanghai;Canton;NA;51;NA;186;215
Chen_Chun;陳湘濤;Chinese;Pennsylvania;Pennsylvania;M.A.;NA;NA;NA;1921;1921;1919;1921;3;2;1.5;1919-1935;1936;NA;China Travel Service;NA;Company;Trade & Business;China;Shanghai;Szechuen;NA;420;NA;186;215
Chen_Henry C.H.;陳正成;Chinese;Michigan;Michigan;M.S.;Master;Sciences;Sciences;1923;1923;1922;1923;2;2;1;1919-1935;NA;NA;Andersen, Meyer & Company;NA;Company;Engineering;China;Shanghai;Yuen Ming Yuen;NA;21;NA;186;215
Chen_Ho-Chin;陳鶴琴;Chinese;Columbia;New York;M.A.;NA;NA;NA;1919;1919;1917;1919;3;2;1.5;1909-1918;NA;NA;Shanghai Municipal Council;Chinese Education Office;Local Government;Foreign;China;Shanghai;NA;NA;NA;NA;186;215
Chen_J.K.;陳建康;Chinese;Pennsylvania;Pennsylvania;M.A.;NA;NA;NA;1927;1927;1927;1927;1;1;1;1919-1935;1936;NA;NA;NA;NA;NA;China;Shanghai;Kiaochow;NA;134;NA;186;215
Chen_Kwan-Pu;陳光甫;Chinese;Pennsylvania;Pennsylvania;B.S.;Bachelor;Sciences;Sciences;1909;1909;1909;1929;21;2;10.5;1909-1918;1931;NA;Shanghai Commercial & Savings Bank;NA;Company;Banking;China;Shanghai;Ningpo;NA;50;NA;186;215
Chen_L.T.;陳立廷;Chinese;Yale;Connecticut;B.A.;Bachelor;Arts;Humanities;1917;1917;1917;1917;1;1;1;1909-1918;NA;NA;Central Bank of China;NA;Central Government;Administration;China;Shanghai;Bund;NA;15;NA;186;215
Chen_Ping-tsang;陳炳章;Chinese;Princeton;New Jersey;M.A.;NA;NA;NA;1924;1924;1924;1924;1;1;1;1919-1935;1936;NA;Ministry of Finance;NA;Central Government;Ministry;China;Shanghai;Bund;NA;15;NA;186;215
Chen_Reignson C.;陳長桐;Chinese;New York University;New York;M.C.S.;Master;Commercial Sciences;Business & Commerce;1923;1923;1921;1923;3;2;1.5;1919-1935;1935;NA;Bank of China;NA;Company;Banking;Strait Settlements;Singapore;NA;NA;NA;NA;186;215
Chen_S.T.;陬三才;Chinese;Worcester Polytechnic Institute;Massachusetts;B.S.;Bachelor;Sciences;Sciences;1924;1924;1924;1924;1;1;1;1919-1935;NA;NA;American Engineering Corporation;NA;Company;Engineering;China;Shanghai;Bubbling Well;NA;989;NA;186;215
Chen_Sidney Y.;陳后英;Chinese;Massachusetts Institute of Technology;Massachusetts;S.B.;Bachelor;Sciences;Sciences;1913;1913;1913;1913;1;1;1;1909-1918;1936;NA;Chiao Tung University;NA;Education;University;China;Shanghai;Haig;NA;1954;NA;187;216
Chen_Ssu-Tu;陳思度;Chinese;Michigan;Michigan;M.A.;NA;NA;NA;1926;1926;1922;1926;5;2;2.5;1919-1935;1934;NA;China United Assurance;NA;Company;Insurance;China;Shanghai;Bubbling Well;NA;104;NA;187;216
Cheu_Baihan;邱培涵;Chinese;Wisconsin;Wisconsin;M.S.;Master;Sciences;Sciences;1915;1915;1914;1915;2;2;1;1909-1918;NA;NA;Sun Life Assurance Company;NA;Company;Insurance;China;Shanghai;Szechuen;NA;218;NA;187;216
Chiao_Wen Shou;喬文壽;Chinese;Harvard;Massachusetts;M.B.A.;Master;Business Administration;Business & Commerce;1931;1931;1928;1931;4;2;2;1919-1935;NA;NA;Sun Lee & Company;NA;Company;Company;China;Shanghai;Ningpo;NA;40;NA;187;216
Ching_Chi Kwan;程苹焜;Chinese;Pennsylvania;Pennsylvania;M.B.A.;Master;Business Administration;Business & Commerce;1932;1932;1930;1932;3;2;1.5;1919-1935;NA;NA;Shanghai Commercial & Savings Bank;NA;Company;Banking;China;Shanghai;Ningpo;NA;50;NA;187;216
Chinn_Howard C.;陳燁樞;Chinese;Michigan;Michigan;NA;NA;NA;NA;1924;1924;1920;1924;5;2;2.5;1919-1935;NA;NA;National Central Machine Works;NA;Company;Mechanical;China;Shanghai;Ningpo;NA;47;NA;187;216
Chou_Tzu Pei;周自塔;Chinese;Yale;Connecticut;M.D.;Doctorate;Medicine;Medicine;1926;1926;1926;1926;1;1;1;1919-1935;NA;NA;Chinese Red Cross;Red Cross General Hospital;Organization;International;China;Shanghai;Haig;NA;373;NA;187;216
Chow_Chester T.C.;周天駿;Chinese;California;California;B.S.;Bachelor;Sciences;Sciences;1922;1922;1922;1922;1;1;1;1919-1935;NA;NA;Great China University;NA;Education;University;China;Shanghai;Chung San;NA;2566;NA;187;216
Chow_Sze Tsong;周思忠;Chinese;Pennsylvania;Pennsylvania;B.S.;Bachelor;Sciences;Sciences;1922;1922;1922;1922;1;1;1;1919-1935;NA;NA;China Travel Service;NA;Company;Trade & Business;China;Shanghai;Szechuen;NA;420;NA;187;216
Choy_J.K.;蔡增基;Chinese;Columbia;New York;B.S.;Bachelor;Sciences;Sciences;1915;1915;1915;1915;1;1;1;1909-1918;1936;NA;China Merchants' Steam Navigation Company;NA;Company;Transportation;China;Shanghai;Bund;NA;9;NA;187;216
Christophersen_Carl E.;NA;Western;George Washington;District of Columbia;NA;NA;NA;NA;1927;1928;1922;1928;7;2;3.5;1919-1935;NA;NA;U.S. Department of Commerce;NA;Foreign Government;Commerce;China;Shanghai;Canton;NA;51;NA;187;216
Chu_Fred M.C.;朱霞邨;Chinese;Pratt Institute;New York;NA;NA;NA;NA;1927;1927;1918;1927;10;3;3.3;1909-1918;NA;NA;NA;NA;NA;NA;China;Shanghai;Jessfield;Chung San;38;Dah Shia Villa;188;217
Chu_Percy;朱博泉;Chinese;New York University;New York;NA;NA;NA;NA;1919;1920;1919;1920;2;2;1;1919-1935;1933;NA;Joint Reserve Board;NA;Company;Banking;China;Shanghai;Hong Kong;NA;59;NA;188;217
Chung_Daniel M.;鍾桂丹;Chinese;Yale;Connecticut;Ph.B.;Bachelor;Philosophy;Humanities;1912;1912;1912;1912;1;1;1;1909-1918;1933;NA;NA;NA;NA;NA;China;Shanghai;Haig;NA;525;NA;188;217
Chung_Elbert;張四銘;Chinese;Georgetown;District of Columbia;M.D.;Doctorate;Medicine;Medicine;1923;1923;1915;1923;9;3;3;1909-1918;1934;NA;NA;NA;NA;NA;China;Shanghai;Peking;NA;255;NA;188;217
Chung_Pau Sien;鍾寶璇;Chinese;Illinois;Illinois;M.S.;Master;Sciences;Sciences;1918;1918;1917;1918;2;2;1;1909-1918;NA;NA;Columbia Films of China;NA;Company;Movie;China;Shanghai;Szechuen;NA;625;NA;188;217
Chung_Will T.;鍾偉成;Chinese;Illinois;Illinois;B.S.C.;Bachelor;Commercial Sciences;Business & Commerce;1920;1920;1920;1920;1;1;1;1919-1935;NA;NA;Chiao Tung University;NA;Education;University;China;Shanghai;Haig;NA;1954;NA;188;217
Clair_Verne;NA;Western;Princeton;New Jersey;B.A.;Bachelor;Arts;Humanities;1916;1916;1916;1916;1;1;1;1909-1918;1934;NA;NA;NA;NA;NA;China;Shanghai;Kiukiang;NA;45;NA;188;217
Cleary_Frank C.;NA;Western;Georgetown;District of Columbia;B.S.;Bachelor;Sciences;Sciences;1916;1916;1916;1916;1;1;1;1909-1918;NA;NA;Warner & Company, William R.;NA;Company;Movie;China;Shanghai;Szechuen;NA;668;NA;188;217
Collins_Daniel J.;NA;Western;Georgetown;District of Columbia;D.D.S.;Doctorate;Dental Surgery;Medicine;1926;1926;1926;1926;1;1;1;1919-1935;NA;NA;NA;NA;NA;NA;China;Shanghai;NA;NA;210;Sassoon House;188;217
Conant_Harold A.R.;NA;Western;Cornell;New York;NA;NA;NA;NA;1915;1915;1915;1915;1;1;1;1909-1918;NA;NA;Standard Vacuum Oil Company;NA;Company;Chemical;China;Shanghai;Canton;NA;94;NA;188;217
Conrad_James;NA;Western;Lafayette;Pennsylvania;C.E.;Certificate;Engineering;Engineering;1914;1914;1914;1914;1;1;1;1909-1918;NA;NA;Crown Life Insurance Company;NA;Company;Insurance;China;Shanghai;Kiukiang;NA;113;NA;188;217
Corbett_R.J.;NA;Western;Franklin;Ohio;Ph.B.;Bachelor;Philosophy;Humanities;1911;1911;1911;1911;1;1;1;1909-1918;NA;NA;Standard Vacuum Oil Company;NA;Company;Chemical;China;Shanghai;Canton;NA;94;NA;188;217
Cornish_Albert C.;柯利士;Western;Princeton;New Jersey;C.E.;Certificate;Engineering;Engineering;1911;1911;1911;1911;1;1;1;1909-1918;NA;NA;Standard Vacuum Oil Company;NA;Company;Chemical;China;Shanghai;Canton;NA;94;NA;188;217
Crowe_John V.;NA;Western;Indiana;Indiana;NA;NA;NA;NA;1909;1910;1909;1910;2;1;2;1909-1918;NA;NA;Ford Motor Company Exports, Inc.;NA;Company;Automobile;China;Shanghai;NA;NA;244;Hamilton House;188;217
Culbertson_C.D.;NA;Western;Wisconsin;Wisconsin;A.B.;Bachelor;Arts;Humanities;1920;1920;1920;1920;1;1;1;1919-1935;1931;NA;Swan, Culbertson & Fritz;NA;Company;Trade & Business;China;Shanghai;NA;NA;118;Sassoon House;189;218
Daub_W.H.;NA;Western;Princeton;New Jersey;C.E.;Certificate;Engineering;Engineering;1907;1907;1907;1907;1;1;1;1883-1908;1930;NA;NA;NA;NA;NA;U.S.A.;NA;NA;NA;NA;NA;189;218
Davis_Monnett B.;狄偉思;Western;Colorado;Colorado;A.B.;Bachelor;Arts;Humanities;1917;1917;1917;1917;1;1;1;1909-1918;NA;NA;American Consulate General;NA;Foreign Government;Consulate;Strait Settlements;Singapore;NA;NA;NA;NA;189;218
Dawson_Owen L.;NA;Western;Illinois;Illinois;M.S.;Master;Sciences;Sciences;1920;1920;1918;1920;3;2;1.5;1909-1918;NA;NA;U.S. Department of Commerce;NA;Foreign Government;Commerce;China;Shanghai;NA;NA;113;Sassoon House;189;218
Dietz_Paul;NA;Western;Miami;Florida;A.B.;Bachelor;Arts;Humanities;1925;1925;1925;1925;1;1;1;1919-1935;NA;NA;Goodrich Rubber Company, B.F.;NA;Company;Chemical;China;Shanghai;Szechuen;NA;670;NA;189;218
Doon_Dayu;董大酉;Chinese;Columbia;New York;M.S.;Master;Sciences;Sciences;1927;1927;1925;1927;3;2;1.5;1919-1935;NA;NA;NA;NA;NA;NA;China;Shanghai;Museum;NA;14;NA;189;218
Downs_W.H.;NA;Western;California;California;M.D.D.S.;Doctorate;Dental Surgery;Medicine;1930;1930;1920;1930;11;2;5.5;1919-1935;NA;NA;NA;NA;NA;NA;China;Shanghai;Bund;NA;26;NA;189;218
Drumright_E.F.;NA;Western;Oklahoma;Oklahoma;B.S.;Bachelor;Sciences;Sciences;1929;1929;1929;1929;1;1;1;1919-1935;NA;NA;American Consulate General;NA;Foreign Government;Consulate;China;Shanghai;Kiangse;NA;181;NA;189;218
Dunlap_A.M.;鄧樂普;Western;Harvard;Massachusetts;M.D.;Doctorate;Medicine;Medicine;1910;1910;1906;1910;5;2;2.5;1883-1908;NA;NA;NA;NA;NA;NA;China;Shanghai;Bund;NA;12;NA;189;218
Dunn_Frank B.;鄧栽岑;Western;Ohio State;Ohio;M.S.;Master;Sciences;Sciences;1915;1915;1915;1915;1;2;0.5;1909-1918;NA;NA;China General Import & Trading Company;NA;Company;Trade & Business;China;Shanghai;NA;NA;605;Continental Bank;189;218
Dunn_T.B.;NA;Western;California;California;M.D.;Doctorate;Medicine;Medicine;1916;1916;1913;1916;4;2;2;1909-1918;NA;NA;NA;NA;NA;NA;China;Shanghai;Canton;NA;51;NA;189;218
Ede_Franck C.;奚世英;Western;Massachusetts Institute of Technology;Massachusetts;C.E.;Certificate;Engineering;Engineering;1923;1923;1923;1923;1;1;1;1919-1935;NA;NA;Andersen, Meyer & Company;NA;Company;Engineering;China;Shanghai;Yuen Ming Yuen;NA;21;NA;189;218
Ely_J.A.;NA;Western;Princeton;New Jersey;NA;NA;NA;NA;1899;1899;1899;1899;1;1;1;1883-1908;NA;NA;St. John's University;NA;Education;University;China;Shanghai;Jessfield;NA;180;NA;189;218
Engdahl_Russell;NA;Western;Georgetown;District of Columbia;B.S.;Bachelor;Sciences;Sciences;1930;1930;1925;1930;6;2;3;1919-1935;NA;NA;American Consulate General;NA;Foreign Government;Consulate;China;Shanghai;Kiangse;NA;181;NA;189;218
Fan_Robert;范文照;Chinese;Pennsylvania;Pennsylvania;B.Arch.;Bachelor;Architecture;Architecture;1922;1922;1922;1922;1;2;0.5;1919-1935;1934;NA;NA;NA;NA;NA;China;Shanghai;Szechuen;NA;110;NA;189;218
Farnsworth_Linden L.;NA;Western;Illinois;Illinois;NA;NA;NA;NA;1926;1926;1926;1926;1;1;1;1919-1935;NA;NA;Eastman Kodak Company;NA;Company;Movie;China;Shanghai;Yuen Ming Yuen;NA;185;NA;190;219
Feng_Chen Ren;馮成仁;Chinese;Michigan;Michigan;M.A.;NA;NA;NA;1934;1934;1934;1934;1;1;1;1919-1935;NA;NA;NA;NA;NA;NA;China;Shanghai;Yu Yuen;NA;1050;NA;190;219
Fessenden_S.;NA;Western;Bowdoin;Maine;A.B.;Bachelor;Arts;Humanities;1896;1896;1896;1896;1;1;1;1883-1908;NA;NA;Shanghai Municipal Council;NA;Local Government;Foreign;China;Shanghai;NA;NA;NA;NA;190;219
Fistere_Joseph Jr.;NA;Western;Cornell;New York;NA;NA;NA;NA;1917;1917;1917;1917;1;1;1;1909-1918;NA;NA;National Aniline & Chemical Company;NA;Company;Chemical;China;Shanghai;Museum;NA;88;NA;190;219
Fitch_George A.;NA;Western;Columbia;New York;NA;NA;NA;NA;1906;1909;1906;1909;4;2;2;1883-1908;1931;NA;Young Men's Christian Association;Foreign Y.M.C.A.;Organization;Religious;China;Shanghai;Bubbling Well;NA;150;NA;190;219
Fong_F. Sec;鄺富灼;Chinese;Columbia;New York;M.A.;NA;NA;NA;1906;1906;1902;1906;5;3;1.7;1883-1908;NA;NA;NA;NA;NA;NA;China;Shanghai;Scott;NA;34;NA;190;219
Foo_Y.C.;傅耀誠;Chinese;Harvard;Massachusetts;M.B.A.;Master;Business Administration;Business & Commerce;1923;1923;1921;1923;3;2;1.5;1919-1935;NA;NA;China United Lamp Company;NA;Company;Electrical;China;Shanghai;Szechuen;NA;110;NA;190;219
Fox_Den;NA;Western;Lehigh;Pennsylvania;Ch.E.;Undetermined;Chemical Engineering;Engineering;1929;1929;1929;1929;1;1;1;1919-1935;NA;NA;York Shipley, Inc.;NA;Company;Mechanical;China;Shanghai;Jinkee;NA;81;NA;190;219
Franklin_C.S.;NA;Western;Mississippi;Mississippi;LL.B.;Bachelor;Law;Law;1914;1914;1913;1914;2;2;1;1909-1918;1930;NA;Franklin & Harrington;NA;Company;Company;China;Shanghai;Yuen Ming Yuen;NA;149;NA;190;219
Freeman_Jo Fisher;NA;Western;Harvard;Massachusetts;A.M.;Master;Arts;Humanities;1927;1927;1920;1927;8;2;4;1919-1935;1935;NA;Central Bank of China;NA;Central Government;Administration;China;Shanghai;Bund;NA;15;NA;190;219
Fritchman_L.A.;NA;Western;Lehigh;Pennsylvania;B.A.;Bachelor;Arts;Humanities;1918;1918;1918;1918;1;1;1;1909-1918;1935;NA;Shanghai Telephone Company;NA;Company;Communication;China;Shanghai;Kiangse;NA;232;NA;190;219
Fritz_Chester;NA;Western;Washington;Washington;A.B.;Bachelor;Arts;Humanities;1914;1914;1914;1914;1;1;1;1909-1918;1935;NA;Swan, Culbertson & Fritz;NA;Company;Trade & Business;China;Shanghai;NA;NA;118;NA;190;219
Fryer_George B.;NA;Western;California;California;NA;NA;NA;NA;1911;1911;1911;1911;1;1;1;1909-1918;1931;NA;Institution for the Chinese Blind;NA;Health institution;Charity;China;Shanghai;Hungjao;NA;290;NA;190;219
Fu_Daniel C.;傅若愚;Chinese;Chicago;Illinois;A.M.;Master;Arts;Humanities;1922;1922;1917;1922;6;2;3;1909-1918;1935;NA;Young Men's Christian Association;Y.M.C.A. National Committee;Organization;Religious;China;Shanghai;Museum;NA;131;NA;190;219
Fu_W.S.;富文壽;Chinese;Harvard;Massachusetts;M.D.;Doctorate;Medicine;Medicine;1925;1925;1925;1925;1;1;1;1919-1935;NA;NA;NA;NA;NA;NA;China;Shanghai;Bubbling Well;NA;1205;NA;190;219
Gale_Esson M.;蓋樂;Western;Leyden;Holland;Ph.D.;Doctorate;Undetermined;Undetermined;1931;1931;1907;1931;25;3;8.3;1883-1908;1934;NA;Salt Revenue Administration;NA;Central Government;Administration;China;Shanghai;Bund;NA;18;NA;191;220
Gibb_John McGregor;餐晤;Western;Pennsylvania;Pennsylvania;M.A.;NA;NA;NA;1920;1920;1904;1920;17;2;8.5;1883-1908;NA;NA;NA;NA;NA;NA;China;Shanghai;Haig;NA;538;NA;191;220
Gill_F.W.;NA;Western;Ohio State;Ohio;M.A.;NA;NA;NA;1928;1928;1905;1928;24;2;12;1883-1908;NA;NA;St. John's University;NA;Education;University;China;Shanghai;Jessfield;NA;188;NA;191;220
Gray_Norman H.;NA;Western;Cooper Union Institute of Technology;New York;B.S.;Bachelor;Sciences;Sciences;1930;1930;1930;1930;1;1;1;1919-1935;NA;NA;Shanghai Power Company;NA;Company;Electrical;China;Shanghai;Nanking;NA;181;NA;191;220
Hager_A.R.;海格;Western;Wisconsin;Wisconsin;B.S.;Bachelor;Sciences;Sciences;1897;1897;1897;1897;1;1;1;1883-1908;1932;NA;Business Equipment Corporation;NA;Company;Trade & Business;China;Shanghai;Kiangse;NA;263;NA;191;220
Harkson_US.;NA;Western;Nebraska;Nebraska;B.S.;Bachelor;Sciences;Sciences;1916;1916;1916;1916;1;1;1;1909-1918;1935;NA;Henningsen Produce Company;NA;Company;Food;China;Shanghai;Sawgin;NA;250;NA;191;220
Harrington_William B.;哈靈敦;Western;Harvard;Massachusetts;LL.B.;Bachelor;Law;Law;1932;1932;1929;1932;4;2;2;1919-1935;1933;NA;Franklin & Harrington;NA;Company;Company;China;Shanghai;Yuen Ming Yuen;NA;149;NA;191;220
Hayes_Ernest M.;NA;Western;Princeton;New Jersey;A.B.;Bachelor;Arts;Humanities;1920;1920;1914;1920;7;3;2.3;1909-1918;NA;NA;Associated Mission Treasurer;NA;Organization;Religious;China;Shanghai;Yuen Ming Yuen;NA;169;NA;191;220
Heald_Wallace S.;NA;Western;Michigan;Michigan;B.S.;Bachelor;Sciences;Sciences;1912;1912;1912;1912;1;1;1;1909-1918;1932;Deceased;Shanghai Power Company;NA;Company;Electrical;China;Shanghai;Nanking;NA;181;NA;191;220
Helmick_Milton J.;NA;Western;Denver;Colorado;LL.B.;Bachelor;Law;Law;1910;1910;1905;1910;6;4;1.5;1883-1908;1935;NA;U.S. Court for China;NA;Court;Court;China;Shanghai;Kiangse;NA;181;NA;191;220
Hertz_Harold;餃爾斯;Western;Georgetown;District of Columbia;B.F.S.;Bachelor;Foreign Service;Business & Commerce;1926;1926;1925;1926;2;2;1;1919-1935;NA;NA;Otis Elevator Company;NA;Company;Mechanical;China;Shanghai;Avenue;NA;935;NA;191;220
Hillhouse_Francis Betts;NA;Western;Yale;Connecticut;B.A.;Bachelor;Arts;Humanities;1925;1925;1925;1925;1;1;1;1919-1935;NA;NA;National Aniline & Chemical Company;NA;Company;Chemical;China;Shanghai;Museum;NA;88;NA;191;220
Hipps_J.B.;NA;Western;Columbia;New York;M.A.;NA;NA;NA;1926;1926;1907;1926;20;2;10;1883-1908;NA;NA;University of Shanghai;NA;Education;University;China;Shanghai;Chungkung;NA;771;NA;191;220
Hirsh_Cal S.;NA;Western;Reed;Oregon;A.B.;Bachelor;Arts;Humanities;1919;1919;1919;1919;1;1;1;1919-1935;NA;NA;North China Daily News;NA;Company;Press & Publishing;China;Shanghai;Bund;NA;17;NA;191;220
Ho_Paul Hsu;霍寶樹;Chinese;Temple;Pennsylvania;M.S.;Master;Sciences;Sciences;1927;1927;1924;1927;4;3;1.3;1919-1935;NA;NA;Bank of China;NA;Company;Banking;China;Shanghai;Hankow;NA;50;NA;192;221
Ho_Philip L.;何麟;Chinese;Harvard;Massachusetts;M.B.A.;Master;Business Administration;Business & Commerce;1932;1932;1932;1932;1;1;1;1919-1935;1936;NA;Swan, Culbertson & Fritz;NA;Company;Trade & Business;China;Shanghai;NA;NA;118;Sassoon House;192;221
Ho_Ping-sung;何焫松;Chinese;Princeton;New Jersey;M.A.;NA;NA;NA;1919;1919;1915;1919;5;2;2.5;1909-1918;1936;NA;National Chinan University;NA;Education;University;China;Shanghai;NA;NA;NA;Chenju;192;221
Ho_Teh-Kuei;何德奎;Chinese;Harvard;Massachusetts;M.B.A.;Master;Business Administration;Business & Commerce;1921;1921;1919;1921;3;2;1.5;1919-1935;NA;NA;Shanghai Municipal Council;NA;Local Government;Foreign;China;Shanghai;Kiangse;NA;209;NA;192;221
How_Bang;夏鵬;Chinese;Pennsylvania;Pennsylvania;B.S.;Bachelor;Sciences;Sciences;1920;1920;1920;1920;1;1;1;1919-1935;1930;NA;Commercial Press;NA;Company;Press & Publishing;China;Shanghai;Honan;NA;211;NA;192;221
Howard_Edward P.;NA;Western;California;California;NA;NA;NA;NA;1916;1916;1916;1916;1;1;1;1909-1918;1936;Deceased;Douglas Aircraft Company, Inc.;NA;Company;Transportation;China;Shanghai;Canton;NA;51;NA;192;221
Howard_Hungerford B.;NA;Western;Southern California;California;NA;NA;NA;NA;1922;1924;1922;1924;3;1;3;1919-1935;NA;NA;U.S. Department of Commerce;NA;Foreign Government;Commerce;China;Shanghai;Canton;NA;51;NA;192;221
Howe_Sam;何士林;Western;Pratt Institute;New York;NA;NA;NA;NA;1928;1930;1928;1930;3;1;3;1919-1935;NA;NA;Bunge & Company;NA;Company;Company;China;Shanghai;NA;NA;219;Sassoon House;192;221
Howes_James Marvin;NA;Western;Reed;Oregon;A.B.;Bachelor;Arts;Humanities;1915;1915;1915;1915;1;1;1;1909-1918;NA;NA;American Chamber of Commerce;NA;Organization;Business;China;Shanghai;Canton;NA;51;NA;192;221
Hoyt_Lansing;NA;Western;Princeton;New Jersey;B.S.;Bachelor;Sciences;Sciences;1907;1907;1907;1907;1;1;1;1883-1908;1933;NA;Yantgze Gorge Line, Inc.;NA;Company;Transportation;China;Shanghai;Bund;NA;12;NA;192;221
Hsia_Jui-Ching;夏少平;Chinese;Columbia;New York;Ph.D.;Doctorate;Undetermined;Undetermined;1928;1928;1925;1928;4;2;2;1919-1935;NA;NA;Aluminium (V) Ltd.;NA;Company;Metal & Mining;China;Shanghai;Peking;NA;2;NA;192;221
Hsu_Edward Y.;徐瑷;Chinese;Michigan;Michigan;A.B.;Bachelor;Arts;Humanities;1914;1914;1914;1914;1;1;1;1909-1918;NA;NA;Cathay Motors, Ltd.;NA;Company;Automobile;China;Shanghai;Medhurst;NA;271;NA;192;221
Hsu_Jabin;許建屏;Chinese;Columbia;New York;A.B.;Bachelor;Arts;Humanities;1929;1929;1929;1929;1;1;1;1919-1935;1933;NA;Ministry of Finance;NA;Central Government;Ministry;China;Shanghai;Bund;NA;15;NA;192;221
Hsu_Kuan-san;許貫三;Chinese;Cornell;New York;M.C.E.;Master;Civil Engineering;Engineering;1925;1925;1925;1925;1;1;1;1919-1935;1933;NA;Municipality of Greater Shanghai;Bureau of Public Works;Local Government;Public Works;China;Shanghai;NA;NA;NA;Civic Center;193;222
Hsu_Paul;徐佩瑱;Chinese;Massachusetts Institute of Technology;Massachusetts;B.S.;Bachelor;Sciences;Sciences;1914;1914;1914;1914;1;1;1;1909-1918;NA;NA;Municipality of Greater Shanghai;Bureau of Public Utilities;Local Government;Public Utilities;China;Shanghai;Municipality;NA;251;NA;193;222
Hsu_Peter Kingman;涂少明;Chinese;Southern California;California;D.D.S.;Doctorate;Dental Surgery;Medicine;1921;1921;1917;1921;5;2;2.5;1909-1918;1936;NA;NA;NA;NA;NA;China;Shanghai;Kiukiang;NA;113;NA;193;222
Hsu_Tse Shing;許志湘;Chinese;Pennsylvania;Pennsylvania;M.B.A.;Master;Business Administration;Business & Commerce;1928;1928;1928;1928;1;1;1;1919-1935;1936;NA;Kwang Wha Petroleum Company;NA;Company;Chemical;China;Shanghai;Museum;NA;14;NA;193;222
Hsu_W. Imin;徐逸民;Chinese;Pennsylvania;Pennsylvania;M.Med.Sc.;Master;Medical Sciences;Medicine;1922;1922;1922;1922;1;1;1;1919-1935;1931;NA;NA;NA;NA;NA;China;Shanghai;Szechuen;NA;33;NA;193;222
Hsueh_Wei Fan;薛維藩;Chinese;Pennsylvania;Pennsylvania;M.B.A.;Master;Business Administration;Business & Commerce;1929;1929;1927;1929;3;2;1.5;1919-1935;NA;NA;Tai Shan Insurance Company;NA;Company;Insurance;China;Shanghai;Kiangse;NA;406;NA;193;222
Hu_Dickson;胡仍豫;Chinese;Cornell;New York;M.C.E.;Master;Civil Engineering;Engineering;1925;1925;1925;1925;1;1;1;1919-1935;NA;NA;Andersen, Meyer & Company;NA;Company;Engineering;China;Shanghai;Yuen Ming Yuen;NA;21;NA;193;222
Hu_Stephen;胡梅基;Chinese;Johns Hopkins;Maryland;Sc.D.;Doctorate;Sciences;Sciences;1931;1931;1924;1931;8;4;2;1919-1935;NA;NA;Henry Lester Institute;NA;Health institution;Research Institute;China;Shanghai;Avenue;NA;1320;NA;193;222
Huang_Chester;黃儉翊;Chinese;New York University;New York;NA;NA;NA;NA;1919;1921;1919;1921;3;2;1.5;1919-1935;NA;NA;Shanghai Commercial & Savings Bank;NA;Company;Banking;China;Shanghai;Ningpo;NA;50;NA;193;222
Huang_H.L.;黃漢頁;Chinese;Columbia;New York;Ph.D.;Doctorate;Undetermined;Undetermined;1918;1918;1915;1918;4;2;2;1909-1918;1930;NA;NA;NA;NA;NA;China;Shanghai;Yu Yuen;NA;1055;NA;193;222
Huang_James Chiomin;黃覺民;Chinese;Columbia;New York;M.A.;NA;NA;NA;1932;1932;1930;1932;3;3;1;1919-1935;NA;NA;Commercial Press;NA;Company;Press & Publishing;China;Shanghai;Honan;NA;211;NA;193;222
Huang_Shu-Pei;黃叔塔;Chinese;Rensselaer Polytechnic Institute;New York;D.Eng.;Doctorate;Engineering;Engineering;1921;1921;1918;1921;4;2;2;1909-1918;1936;NA;Chiao Tung University;NA;Education;University;China;Shanghai;Haig;NA;1954;NA;193;222
Huang_Tsefang;黃子方;Chinese;Johns Hopkins;Maryland;NA;NA;NA;NA;1923;1924;1923;1924;2;4;0.5;1919-1935;1936;NA;National Southern Railway (Shanghai-Hangchow Railway);N.S.R. Medical Office;Central Government;Administration;China;Shanghai;Range;NA;527;NA;194;223
Huizinga_Henry;NA;Western;Michigan;Michigan;Ph.D.;Doctorate;Undetermined;Undetermined;1907;1907;1893;1907;15;3;5;1883-1908;NA;NA;University of Shanghai;NA;Education;University;China;Shanghai;Chungkung;NA;771;NA;194;223
Hunt_William P.;NA;Western;George Washington;District of Columbia;NA;NA;NA;NA;1924;1924;1924;1924;1;1;1;1919-1935;1933;NA;China Foreign Trade Corporation;NA;Company;Trade & Business;China;Shanghai;Yuen Ming Yuen;NA;133;NA;194;223
Huntley_Leslie Meyers;NA;Western;Dartmouth;New Hampshire;A.B.;Bachelor;Arts;Humanities;1933;1933;1933;1933;1;1;1;1919-1935;NA;NA;National City Bank of New York;NA;Company;Banking;China;Shanghai;Kiukiang;NA;41;NA;194;223
Hylbert_L.C.;NA;Western;Columbia;New York;A.M.;Master;Arts;Humanities;1918;1918;1905;1918;14;3;4.7;1883-1908;1930;NA;NA;NA;NA;NA;China;Shanghai;Yuen Ming Yuen;NA;169;NA;194;223
Ibusuki_Hidehiko;NA;Japanese;Chicago;Illinois;LL.B.;Bachelor;Law;Law;1913;1913;1913;1913;1;1;1;1909-1918;NA;NA;Shanghai Municipal Council;NA;Local Government;Foreign;China;Shanghai;NA;NA;NA;NA;194;223
Inui_Kiyosue;乾椅末;Japanese;Tokyo Imperial;Tokyo;LL.D.;Doctorate;Law;Law;;;;;1;2;;;;;Japanese Legation;;Foreign Government;Legation;China;Shanghai;Whangpoo;NA;106;NA;194;223
Irle_K.W.;NA;Western;Reed;Oregon;B.A.;Bachelor;Arts;Humanities;1920;1920;1920;1920;1;1;1;1919-1935;NA;NA;Swan, Culbertson & Fritz;NA;Company;Trade & Business;China;Shanghai;NA;NA;118;Sassoon House;194;223
Iseri_K.T.;井芹;Japanese;Stanford;California;Engineer;Undetermined;Engineering;Engineering;1922;1922;1921;1922;2;2;1;1919-1935;NA;NA;Sumitomo Goshi Kaisha;NA;Company;Metal & Mining;China;Shanghai;Kiukiang;NA;69;NA;194;223
Jee_Luther M.;朱錫年;Chinese;Harvard;Massachusetts;M.A.;NA;NA;NA;1909;1909;1909;1909;1;2;0.5;1909-1918;1931;NA;Central Hospital;NA;Health institution;Hospital;China;Nanking;NA;NA;NA;NA;194;223
Jen_Lemuel C.C.;甄友廉;Chinese;California;California;A.B.;Bachelor;Arts;Humanities;1930;1930;1928;1930;3;2;1.5;1919-1935;NA;NA;Chinese Republic Publishing Company;NA;Company;Press & Publishing;China;Shanghai;Kiukiang;NA;150;NA;194;223
Johnson_Truman R.;NA;Western;Occidental;California;A.B.;Bachelor;Arts;Humanities;1917;1917;1917;1917;1;1;1;1909-1918;1931;NA;NA;NA;NA;NA;U.S.A.;NA;NA;NA;307;NA;194;223
Kam_Edwin;金德明;Chinese;Pennsylvania;Pennsylvania;M.Sc.;Master;Sciences;Sciences;1932;1932;1922;1932;11;4;2.8;1919-1935;NA;NA;NA;NA;NA;NA;China;Shanghai;NA;NA;307;Continental Emporium;194;223
Kelhofer_E.;NA;Western;Chicago;Illinois;M.A.;NA;NA;NA;1916;1916;1903;1916;14;3;4.7;1883-1908;NA;NA;University of Shanghai;NA;Education;University;China;Shanghai;Chungkung;NA;771;NA;194;223
Khong_Loy;鄺來蔭;Chinese;New York University;New York;B.C.S.;Bachelor;Commercial Sciences;Business & Commerce;1912;1912;1912;1912;1;1;1;1909-1918;1935;NA;Ministry of Railways;NA;Central Government;Ministry;China;Nanking;NA;NA;NA;NA;195;224
King_Benjamin;金泊銘;Chinese;Michigan;Michigan;M.S.;Master;Sciences;Sciences;1933;1933;1933;1933;1;2;0.5;1919-1935;NA;NA;Chekiang Provincial Bank;NA;Company;Banking;China;Shanghai;Kiangse;NA;381;NA;195;224
King_Chau;金肯宗;Chinese;Cornell;New York;M.M.E.;Master;Mechanical Engineering;Engineering;1926;1926;1926;1926;1;1;1;1919-1935;NA;NA;Chiao Tung University;NA;Education;University;China;Shanghai;Haig;NA;1954;NA;195;224
Ko_I. Chih;葛益熾;Chinese;Massachusetts Institute of Technology;Massachusetts;M.S.;Master;Sciences;Sciences;1927;1927;1925;1927;3;2;1.5;1919-1935;NA;NA;Jardine Engineering Corporation;NA;Company;Engineering;China;Shanghai;Yuen Ming Yuen;NA;50;NA;195;224
Koo_Kong Loh;頗康樂;Chinese;Cornell;New York;M.C.E.;Master;Civil Engineering;Engineering;1925;1925;1925;1925;1;1;1;1919-1935;NA;NA;Chiao Tung University;NA;Education;University;China;Shanghai;Haig;NA;1954;NA;195;224
Koo_Nee Sun;頤宜孫;Chinese;Cornell;New York;Ph.D.;Doctorate;Undetermined;Undetermined;1921;1925;1921;1925;5;2;2.5;1919-1935;1936;NA;Tangshan College;NA;Education;University;China;Tangshan (Hopei);NA;NA;NA;NA;195;224
Kops_Paul F. de Bruyn;NA;Western;George Washington;District of Columbia;LL.B.;Bachelor;Law;Law;1928;1928;1922;1928;7;2;3.5;1919-1935;NA;NA;NA;NA;NA;NA;China;Shanghai;NA;NA;208;Hamilton House;195;224
Kung_Hsiang-hsi;孔祥熙;Chinese;Yale;Connecticut;M.A.;Master;Arts;Humanities;1907;1907;1906;1926;21;3;7;1883-1908;1935;NA;Ministry of Finance;NA;Central Government;Ministry;China;Shanghai;Bund;NA;15;NA;195;224
Kung_S.W.;孔士諄;Chinese;New York University;New York;D.C.S.;Doctorate;Commercial Sciences;Business & Commerce;1930;1930;1926;1930;5;3;1.7;1919-1935;NA;NA;Commercial Press;NA;Company;Press & Publishing;China;Shanghai;Honan;NA;211;NA;195;224
Kuo_Cheng Chih;郭承志;Chinese;Cornell;New York;M.E.;Master;Engineering;Engineering;1918;1918;1918;1918;1;1;1;1909-1918;1931;NA;NA;NA;NA;NA;China;Shanghai;Burkill;NA;16;NA;195;224
Kuo_Y.M.;過養默;Chinese;Massachusetts Institute of Technology;Massachusetts;S.B.;Bachelor;Sciences;Sciences;1919;1919;1919;1919;1;1;1;1919-1935;1931;NA;NA;NA;NA;NA;China;Shanghai;Kiaochow;NA;308;NA;195;224
Kwan_Ko Kwai;關可簣;Chinese;California;California;M.A.;NA;NA;NA;1929;1929;1929;1929;1;1;1;1919-1935;NA;NA;Shanghai Insurance Association;NA;Organization;Business;China;Shanghai;Edward VII;NA;160;NA;196;225
Kwo_K.T.;郭克悌;Chinese;Purdue;Indiana;B.S.;Bachelor;Sciences;Sciences;1923;1923;1918;1923;6;2;3;1909-1918;NA;NA;Chinese Enginnering & Development Company;NA;Company;Engineering;China;Shanghai;Canton;NA;51;NA;196;225
Kwok_Percy;郭寶樹;Chinese;New York University;New York;NA;NA;NA;NA;1924;1924;1924;1924;1;1;1;1919-1935;1931;NA;NA;NA;NA;NA;China;Shanghai;Ningpo;NA;47;NA;196;225
Kwok_Peter Y.;郭佩弦;Chinese;California;California;M.A.;NA;NA;NA;1928;1928;1926;1928;3;2;1.5;1919-1935;1935;NA;Tai Ping Insurance Company;NA;Company;Insurance;China;Shanghai;Kiangse;NA;203;NA;196;225
Kwok_Walter;郭慧德;Chinese;Massachusetts Institute of Technology;Massachusetts;B.S.;Bachelor;Sciences;Sciences;1928;1928;1928;1928;1;1;1;1919-1935;1933;NA;NA;NA;NA;NA;China;Shanghai;Ningpo;NA;112;NA;196;225
Kwong_Edward Y.K.;鄺耀望;Chinese;Columbia;New York;M.S.;Master;Sciences;Sciences;1928;1928;1925;1928;4;2;2;1919-1935;NA;NA;NA;NA;NA;NA;China;Shanghai;Remi;NA;169;NA;196;225
Kwong_Frederick G.;鄺達觀;Chinese;Illinois;Illinois;A.B.;Bachelor;Arts;Humanities;1921;1921;1921;1921;1;1;1;1919-1935;1933;NA;National Southern Railway (Shanghai-Hangchow Railway);N.S.R. Locomotive Dept.;Central Government;Administration;China;Shanghai;NA;NA;112;Embankment building;196;225
Lacy_Carleton;力'宣德;Western;Ohio Wesleyan;Ohio;D.D.;Doctorate;Theology;Theology;1911;1911;1911;1929;19;6;3.2;1909-1918;NA;NA;American Bible Society;NA;Organization;Religious;China;Shanghai;Yuen Ming Yuen;NA;169;NA;196;225
Laidlaw_Ashton;NA;Western;California;California;D.D.S.;Doctorate;Dental Surgery;Medicine;1927;1927;1927;1927;1;1;1;1919-1935;NA;NA;NA;NA;NA;NA;China;Shanghai;NA;NA;210;Sassoon House;196;225
Lang_Bak Wah;梁北和;Chinese;Northwestern;Illinois;D.D.S.;Doctorate;Dental Surgery;Medicine;1933;1933;1933;1933;1;1;1;1919-1935;NA;NA;NA;NA;NA;NA;China;Shanghai;Peking;NA;190;NA;196;225
Lao_Ginarn;勞敞安;Chinese;Lehigh;Pennsylvania;M.E.;Master;Engineering;Engineering;1918;1918;1918;1918;1;1;1;1909-1918;1931;NA;NA;NA;NA;NA;China;Hangchow;NA;NA;NA;Lakeview Hotel;196;225
Lau_Waan Wai;劉寰偉;Chinese;Cornell;New York;A.B.;Bachelor;Arts;Humanities;1915;1915;1915;1915;1;1;1;1909-1918;1933;NA;National Southern Railway (Shanghai-Hangchow Railway);N.S.R. General Department;Central Government;Administration;China;Shanghai;NA;NA;112;Embankment building;196;225
Lee_Alfred S.;李士衡;Chinese;New York University;New York;NA;NA;NA;NA;1923;1923;1921;1923;3;2;1.5;1919-1935;1934;NA;Monk & Company, A.C.;NA;Company;Trade & Business;China;Shanghai;Kiangse;NA;353;NA;197;226
Lee_Dih-yuin;李迪雲;Chinese;Cornell;New York;M.S.;Master;Sciences;Sciences;1919;1919;1919;1919;1;1;1;1919-1935;NA;NA;China United Assurance;NA;Company;Insurance;China;Shanghai;Bubbling Well;NA;140;NA;197;226
Lee_Edward W.;李雲階;Chinese;New York University;New York;B.C.S.;Bachelor;Commercial Sciences;Business & Commerce;1928;1928;1928;1928;1;1;1;1919-1935;NA;NA;Shanghai Commercial & Savings Bank;NA;Company;Banking;China;Shanghai;Ningpo;NA;50;NA;197;226
Lee_Herbert C.T.;李中道;Chinese;Northwestern;Illinois;J.D.;Doctorate;Law;Law;1927;1927;1926;1927;2;2;1;1919-1935;NA;NA;NA;NA;NA;NA;China;Shanghai;Peking;NA;190;NA;197;226
Lee_J.B.;李博文;Chinese;California;California;B.S.;Bachelor;Sciences;Sciences;1921;1921;1921;1921;1;1;1;1919-1935;1930;NA;NA;NA;NA;NA;China;Shanghai;NA;NA;NA;P.O Box 1982;197;226
Lee_John Y.;李耀邦;Chinese;Chicago;Illinois;Ph.D.;Doctorate;Undetermined;Undetermined;1915;1915;1907;1915;9;2;4.5;1883-1908;1933;NA;China Scientific Instrument Company;NA;Company;Mechanical;China;Shanghai;Museum;NA;131;NA;197;226
Lee_Milton C.;李偉民;Chinese;Columbia;New York;A.B.;Bachelor;Arts;Humanities;1926;1926;1926;1926;1;1;1;1919-1935;1933;NA;Bank of China;NA;Company;Banking;U.S.A.;New York;NA;NA;349;NA;197;226
Lee_Poy Gum;李錦沛;Chinese;Columbia;New York;B.Arch.;Bachelor;Architecture;Architecture;1922;1922;1922;1922;1;2;0.5;1919-1935;NA;NA;NA;NA;NA;NA;China;Shanghai;Kiangse;NA;NA;NA;197;226
Lee_Shee-Mou;李熙謀;Chinese;Harvard;Massachusetts;M.S.;Master;Sciences;Sciences;1922;1922;1918;1922;5;3;1.7;1909-1918;NA;NA;National Chinan University;NA;Education;University;China;Shanghai;NA;NA;NA;Chenju;197;226
Lee_Sik Chiu;李錫釗;Chinese;New Bedford;Massachusetts;S.M.;Master;Sciences;Sciences;1922;1925;1922;1925;4;1;4;1919-1935;NA;NA;Wing On Textile Manufacturing Company;NA;Company;Textile;China;Shanghai;Markham;NA;491;NA;197;226
Lee_T. Tsufan;李祖範;Chinese;Massachusetts Institute of Technology;Massachusetts;B.A.;Bachelor;Arts;Humanities;1919;1919;1919;1919;1;1;1;1919-1935;NA;NA;China Chemical Works;NA;Company;Chemical;China;Shanghai;Honan;NA;257;NA;197;226
Lee_Tsu Hsien;李祖賢;Chinese;Rensselaer Polytechnic Institute;New York;C.E.;Certificate;Engineering;Engineering;1918;1918;1918;1918;1;1;1;1909-1918;NA;NA;Continental Corporation of China;NA;Company;Company;China;Shanghai;Edward VII;NA;123;NA;197;226
Lee_Tsufah;李齟法;Chinese;Yale;Connecticut;B.A.;Bachelor;Arts;Humanities;1919;1919;1919;1919;1;1;1;1919-1935;1933;NA;Occidental Life Insurance Company;NA;Company;Insurance;China;Shanghai;Kiukiang;NA;113;NA;198;227
Leung_Siuchoh C.;梁小初;Chinese;Vanderbilt;Tennessee;M.A.;NA;NA;NA;1930;1930;1928;1930;3;3;1;1919-1935;NA;NA;Young Men's Christian Association;Y.M.C.A. National Committee;Organization;Religious;China;Shanghai;Museum;NA;131;NA;198;227
Lew_Gideon T.;劉廷蔚;Chinese;Cornell;New York;Ph.D.;Doctorate;Undetermined;Undetermined;1932;1932;1930;1932;3;2;1.5;1919-1935;NA;NA;University of Shanghai;NA;Education;University;China;Shanghai;Chungkung;NA;771;NA;198;227
Li_Kang;李岡;Chinese;George Washington;District of Columbia;M.D.;Doctorate;Medicine;Medicine;1920;1920;1920;1920;1;1;1;1919-1935;NA;NA;NA;NA;NA;NA;China;Shanghai;NA;NA;1205;NA;198;227
Li_Kien Yo;李謙若;Chinese;Cornell;New York;C.E.;Certificate;Engineering;Engineering;1911;1911;1911;1911;1;1;1;1909-1918;NA;NA;Chiao Tung University;NA;Education;University;China;Shanghai;Haig;NA;1954;NA;198;227
Li_S.D.;李錫之;Chinese;Massachusetts Institute of Technology;Massachusetts;S.B.;Bachelor;Sciences;Sciences;1915;1915;1915;1915;1;1;1;1909-1918;NA;NA;National Southern Railway (Shanghai-Hangchow Railway);N.S.R. Locomotive Dept.;Central Government;Administration;China;Shanghai;NA;NA;112;Embankment building;198;227
Li_T.M.;李淸茂;Chinese;Pennsylvania;Pennsylvania;M.D.;Doctorate;Medicine;Medicine;1909;1909;1909;1909;1;1;1;1909-1918;NA;NA;NA;NA;NA;NA;China;Shanghai;Yuen Ming Yuen;NA;133;NA;198;227
Li_Teh-young;李得庸;Chinese;California;California;B.S.;Bachelor;Sciences;Sciences;1919;1919;1919;1919;1;1;1;1919-1935;1931;NA;Li & Company, T.Y.;NA;Company;Company;China;Hankow;NA;NA;NA;NA;198;227
Liang_Chi-tai;梁基泰;Chinese;Columbia;New York;M.A.;NA;NA;NA;1915;1915;1914;1915;2;2;1;1909-1918;NA;NA;Ministry of Industry;Bureau of Trade Mark;Central Government;Administration;China;Nanking;NA;NA;NA;NA;198;227
Liang_Louis K.L.;梁官榴;Chinese;New York University;New York;M.B.A.;Master;Business Administration;Business & Commerce;1924;1924;1922;1924;3;2;1.5;1919-1935;1931;NA;NA;NA;NA;NA;China;Shanghai;Kinnear;NA;189;NA;198;227
Lin_D.Y.;林道揚;Chinese;Yale;Connecticut;M.F.;Master;Forestry;Sciences;1914;1914;1912;1914;3;2;1.5;1909-1918;1931;NA;NA;NA;NA;NA;China;Nanking;NA;NA;25;Ying Yang Ying;198;227
Lin_Hsi-cheah;林熙傑;Chinese;Iowa State;Iowa;B.S.C.;Bachelor;Commercial Sciences;Business & Commerce;1928;1928;1925;1928;4;2;2;1919-1935;NA;NA;NA;NA;NA;NA;China;Shanghai;Connaught;NA;863;NA;198;227
Lin_Peter Wei;林障;Chinese;Columbia;New York;M.A.;NA;NA;NA;1922;1922;1920;1922;3;2;1.5;1919-1935;NA;NA;Bank of China;NA;Company;Banking;China;Shanghai;Hankow;NA;50;NA;198;227
Ling_C.P.;林振彬;Chinese;Columbia;New York;M.A.;NA;NA;NA;1919;1919;1918;1919;2;2;1;1909-1918;NA;NA;China Commercial Advertising Agency;NA;Company;Trade & Business;China;Shanghai;Hong Kong;NA;40;NA;199;228
Ling_T.G.;林天骥;Chinese;Cornell;New York;Ph.D.;Doctorate;Undetermined;Undetermined;1924;1924;1922;1924;3;2;1.5;1919-1935;NA;NA;China Match Company;NA;Company;Chemical;China;Shanghai;Szechuen;NA;33;NA;199;228
Liu_Cheng Ling;劉承霖;Chinese;New York University;New York;Ph.D.;Doctorate;Undetermined;Undetermined;1932;1932;1918;1932;15;3;5;1909-1918;NA;NA;Chiao Tung University;NA;Education;University;China;Shanghai;Haig;NA;1954;NA;200;229
Liu_H.C.E.;劄湛恩;Chinese;Denison;Ohio;LL.D.;Doctorate;Law;Law;1929;1929;1920;1929;10;3;3.3;1919-1935;NA;NA;University of Shanghai;NA;Education;University;China;Shanghai;Chungkung;NA;771;NA;199;228
Lo_Hsiao-Yung;羅孝永;Chinese;Columbia;New York;M.A.;NA;NA;NA;1928;1928;1928;1928;1;1;1;1919-1935;1936;NA;Bank of China;NA;Company;Banking;China;Shanghai;Hankow;NA;50;NA;199;228
Lo_Pan H.;羅泮輝;Chinese;Chicago;Illinois;J.D.;Doctorate;Law;Law;1911;1911;1908;1911;4;3;1.3;1883-1908;1933;Deceased;NA;NA;NA;NA;China;Shanghai;Scott;NA;31;NA;199;228
Lo_R.Y.;羅運炎;Chinese;Syracuse;New York;Ph.D.;Doctorate;Arts;Humanities;1914;1914;1911;1914;4;3;1.3;1909-1918;NA;NA;China Christian Advocate;NA;Organization;Religious;China;Shanghai;Yuen Ming Yuen;NA;169;NA;199;228
Lockhart_Charles M.;NA;Western;Purdue;Indiana;B.S.E.E.;Bachelor;Electrical Engineering;Engineering;1923;1923;1923;1923;1;1;1;1919-1935;NA;NA;Shanghai Power Company;NA;Company;Electrical;China;Shanghai;Nanking;NA;181;NA;199;228
Lockhart_Oliver C.;NA;Western;Cornell;New York;Ph.D.;Doctorate;Undetermined;Undetermined;1907;1907;1903;1907;5;3;1.7;1883-1908;NA;NA;Salt Revenue Administration;NA;Central Government;Administration;China;Shanghai;Bund;NA;18;NA;199;228
Lockwood_William W.;NA;Western;Harvard;Massachusetts;M.A.;NA;NA;NA;1928;1928;1898;1928;31;2;15.5;1883-1908;NA;NA;Young Men's Christian Association;Y.M.C.A. National Committee;Organization;Religious;China;Shanghai;Museum;NA;131;NA;199;228
Loeser_Arthur E.;NA;Western;Naval Academy (Annapolis);Maryland;B.S.;Bachelor;Sciences;Sciences;1927;1927;1927;1927;1;1;1;1919-1935;1932;NA;NA;NA;NA;NA;U.S.A.;NA;NA;NA;NA;NA;199;228
Logan_Tracy H.;NA;Western;Princeton;New Jersey;NA;NA;NA;NA;1929;1929;1929;1929;1;1;1;1919-1935;NA;NA;Associated Mission Treasurer;NA;Organization;Religious;China;Shanghai;Yuen Ming Yuen;NA;169;NA;199;228
Loh_Kai Zung;陸幹臣;Chinese;Yale;Connecticut;NA;NA;NA;NA;1924;1925;1924;1925;2;2;1;1919-1935;NA;NA;Young Men's Christian Association;Chinese Y.M.C.A.;Organization;Religious;China;Shanghai;Montigny;NA;123;NA;200;229
Loh_Pao-Kan;陸質洤;Chinese;Columbia;New York;M.A.;NA;NA;NA;1914;1914;1913;1914;2;2;1;1909-1918;NA;NA;NA;NA;NA;NA;China;Shanghai;Singapore;NA;905;NA;200;229
Loo_W.Y.;盧子譲;Chinese;Pennsylvania;Pennsylvania;B.S.;Bachelor;Sciences;Sciences;1924;1924;1920;1924;5;2;2.5;1919-1935;NA;NA;Crown Life Insurance Company;NA;Company;Insurance;China;Shanghai;Kiukiang;NA;113;NA;200;229
Louison_B.H.;盧賓険;Western;Michigan;Michigan;NA;NA;NA;NA;1927;1927;1927;1927;1;1;1;1919-1935;NA;NA;Cathay Engineering & Building Service;NA;Company;Engineering;China;Shanghai;Honan;NA;495;NA;200;229
Low_Yohmin;羅郁銘;Chinese;New York University;New York;M.B.A.;Master;Business Administration;Business & Commerce;1922;1922;1922;1922;1;1;1;1919-1935;NA;NA;National Commercial Bank;NA;Company;Banking;China;Shanghai;Peking;NA;230;NA;200;229
Lowe_Chuan-Hwa;駱傳華;Chinese;Chicago;Illinois;Ph.B.;Bachelor;Philosophy;Humanities;1923;1923;1923;1923;1;1;1;1919-1935;NA;NA;China International Famine Relief Commission;NA;Organization;International;China;Shanghai;Honan;NA;505;NA;199;228
Luccock_Emory W.;NA;Western;Wooster;Ohio;D.D.;Doctorate;Theology;Theology;1935;1935;1916;1935;20;5;4;1909-1918;NA;NA;Community Church;NA;Organization;Religious;China;Shanghai;Petain;NA;53;NA;200;229
Lum_Joe W.;林藻垣;Chinese;Columbia;New York;D.D.S.;Doctorate;Dental Surgery;Medicine;1929;1929;1917;1929;13;2;6.5;1909-1918;NA;NA;NA;NA;NA;NA;China;Shanghai;Nanking;NA;153;NA;200;229
Lum_Kalfred Dip;林罄;Chinese;New York University;New York;Ph.D.;Doctorate;Undetermined;Undetermined;1927;1927;1922;1927;6;3;2;1919-1935;NA;NA;Chiao Tung University;NA;Education;University;China;Shanghai;Haig;NA;1954;NA;200;229
Lurton_N.E.;NA;Western;Benton;NA;LL.M.;Master;Law;Law;1910;1910;1910;1910;1;1;1;1909-1918;NA;NA;NA;NA;NA;NA;China;Shanghai;Szechuen;NA;330;NA;200;229
Lutey_Kent;NA;Western;Pennsylvania;Pennsylvania;NA;NA;NA;NA;1920;1924;1920;1924;5;1;5;1919-1935;NA;NA;Henningsen Produce Company;NA;Company;Food;China;Shanghai;Sawgin;NA;250;NA;200;229
Ly_J .Usang;黎照铰;Chinese;Haverford;Pennsylvania;LL.D.;Doctorate;Law;Law;1917;1917;1912;1917;6;4;1.5;1909-1918;1931;NA;Chiao Tung University;NA;Education;University;China;Shanghai;Haig;NA;1954;NA;200;229
Ma_Y.C.;馬寅初;Chinese;Columbia;New York;Ph.D.;Doctorate;Undetermined;Undetermined;1914;1914;1910;1914;5;2;2.5;1909-1918;NA;NA;Legislative Yuan;NA;Central Government;Legislative Yuan;China;Nanking;NA;NA;NA;NA;201;230
MacKinnon_Joseph A.;NA;Western;Harvard;Massachusetts;A.B.;Bachelor;Arts;Humanities;1927;1927;1927;1927;1;1;1;1919-1935;1936;NA;Haskins & Sells;NA;Company;Building & Real estate;China;Shanghai;Szechuen;NA;320;NA;201;230
Mao_T.E.;茅以昇;Chinese;Carnegie Institute of Technology;Pennsylvania;Dr.Eng.;Doctorate;Engineering;Engineering;NA;NA;NA;NA;#VALUE!;2;NA;NA;NA;NA;Chien Tang River Bridge;Engineering Office;Local Government;Engineering;China;Hangchow;NA;NA;NA;NA;201;230
Marchman_William R.;NA;Western;Washington & Lee;Virginia;A.B.;Bachelor;Arts;Humanities;1928;1928;1928;1928;1;1;1;1919-1935;NA;NA;National City Bank of New York;NA;Company;Banking;China;Shanghai;Kiukiang;NA;41;NA;201;230
Marcus_Morey;NA;Western;Michigan;Michigan;A.B.;Bachelor;Arts;Humanities;1928;1928;1928;1928;1;1;1;1919-1935;NA;NA;Metro-Goldwyn-Mayer;NA;Company;Movie;China;Shanghai;NA;NA;138;Embankment building;201;230
Martin_Paul;NA;Western;Columbia;New York;M.D.;Doctorate;Medicine;Medicine;1900;1900;1895;1900;6;2;3;1883-1908;NA;NA;NA;NA;NA;NA;China;Shanghai;NA;NA;201;Sassoon House;201;230
Matsumato_Shigeharu;松本重治;Japanese;Yale;Connecticut;NA;NA;NA;NA;1925;1925;1925;1925;1;1;1;1919-1935;NA;NA;Shimbun-Rengo-Sha;NA;Company;Press & Publishing;China;Shanghai;Edward VII;NA;34;NA;201;230
May_Samuel C.C.;梅宗變;Chinese;Rensselaer Polytechnic Institute;New York;M.E.;Master;Engineering;Engineering;1930;1930;1928;1930;3;2;1.5;1919-1935;NA;NA;Salt Revenue Administration;NA;Central Government;Administration;China;Shanghai;Bund;NA;18;NA;201;230
McCracken_J.C.;NA;Western;Pennsylvania;Pennsylvania;D.Sc.;Doctorate;Sciences;Sciences;1927;1927;1897;1927;31;3;10.3;1883-1908;NA;NA;St. Luke's Hospital;NA;Health institution;Hospital;China;Shanghai;Seward;NA;177;NA;201;230
McIntosch_Melville .E;NA;Western;California;California;B.S.;Bachelor;Sciences;Sciences;1926;1926;1926;1926;1;1;1;1919-1935;NA;NA;Andersen, Meyer & Company;NA;Company;Engineering;China;Shanghai;Yuen Ming Yuen;NA;21;NA;201;230
Mead_L.J.;NA;Western;Cornell;New York;B.S.;Bachelor;Sciences;Sciences;1916;1916;1916;1916;1;1;1;1909-1918;1933;NA;Standard Vacuum Oil Company;NA;Company;Chemical;China;Shanghai;Canton;NA;94;NA;201;230
Mei_Cheuk-Shang;梅卓生;Chinese;Columbia;New York;M.D.;Doctorate;Medicine;Medicine;1921;1921;1917;1921;5;3;1.7;1909-1918;1933;NA;NA;NA;NA;NA;China;Shanghai;Bubbling Well;NA;1537;NA;201;230
Meilman_Samuel L.;NA;Western;Harvard;Massachusetts;M.B.A.;Master;Business Administration;Business & Commerce;1934;1934;1932;1934;3;2;1.5;1919-1935;NA;NA;Shanghai Telephone Company;NA;Company;Communication;China;Shanghai;Kiangse;NA;232;NA;201;230
Miller_H.P.;NA;Western;Nebraska;Nebraska;B.S.;Bachelor;Sciences;Sciences;1916;1916;1916;1916;1;1;1;1909-1918;1933;NA;NA;NA;NA;NA;U.S.A.;NA;NA;NA;NA;NA;201;230
Millican_Frank R.;梅立德;Western;Yale;Connecticut;M.A.;NA;NA;NA;1926;1926;1916;1926;11;2;5.5;1909-1918;NA;NA;Chinese Literature Society;NA;Organization;Learned society;China;Shanghai;Museum;NA;128;NA;201;230
Mitchell_Myron Atwood;NA;Western;Maine;Maine;NA;NA;NA;NA;1919;1919;1919;1919;1;1;1;1919-1935;NA;NA;Standard Vacuum Oil Company;NA;Company;Chemical;China;Shanghai;Canton;NA;94;NA;202;231
Moh_H.Y.;穆藕初;Chinese;Illinois;Illinois;M.S.;Master;Sciences;Sciences;1913;1913;1911;1913;3;2;1.5;1909-1918;1931;NA;Yu Foong Cotton Mill;NA;Company;Textile;China;Shanghai;Edward VII;NA;260;NA;202;231
Mokrejs_J. John;NA;Western;Wisconsin;Wisconsin;B.A.;Bachelor;Arts;Humanities;1923;1923;1923;1923;1;1;1;1919-1935;NA;NA;China General Edison Company;NA;Company;Electrical;China;Shanghai;Robison;NA;140;NA;202;231
Morrison_C.B.;NA;Western;Pennsylvania State;Pennsylvania;B.S.;Bachelor;Sciences;Sciences;1911;1911;1911;1911;1;1;1;1909-1918;1933;NA;York Shipley, Inc.;NA;Company;Mechanical;China;Shanghai;Jinkee;NA;81;NA;202;231
Moy_Ernest K.;梅其駒;Chinese;Jenner Medical College;Illinois;M.D.;Doctorate;Medicine;Medicine;1915;1915;1914;1915;2;2;1;1909-1918;1932;NA;NA;NA;NA;NA;China;Shanghai;Lafayette;NA;1462;NA;202;231
Moy_Howard R.;梅觀濤;Chinese;Chicago;Illinois;Ph.D.;Doctorate;Undetermined;Undetermined;1928;1928;1921;1928;8;3;2.7;1919-1935;NA;NA;American Trading Company;NA;Company;Trade;China;Shanghai;Canton;NA;51;NA;202;231
Murphy_H.K.;NA;Western;Yale;Connecticut;B.A.;Bachelor;Arts;Humanities;1899;1899;1899;1899;1;1;1;1883-1908;1932;NA;NA;NA;NA;NA;U.S.A.;NA;NA;NA;NA;NA;202;231
Nance_Dana W.;NA;Western;Vanderbilt;Tennessee;M.D.;Doctorate;Medicine;Medicine;1929;1929;1925;1929;5;2;2.5;1919-1935;NA;NA;NA;NA;NA;NA;China;Shanghai;Canton;NA;51;NA;202;231
Nance_William K.;NA;Western;Vanderbilt;Tennessee;M.D.;Doctorate;Medicine;Medicine;1924;1924;1921;1924;4;2;2;1919-1935;NA;NA;NA;NA;NA;NA;China;Shanghai;Canton;NA;51;NA;202;231
Neprud_Carl;NA;Western;Wisconsin;Wisconsin;M.A.;NA;NA;NA;1927;1927;1912;1927;16;2;8;1909-1918;1932;NA;Chinese Maritime Customs;NA;Central Government;Administration;China;Shanghai;Bund;NA;13;NA;202;231
New_W.S.;牛惠生;Chinese;Harvard;Massachusetts;M.D.;Doctorate;Medicine;Medicine;1914;1914;1914;1914;1;1;1;1909-1918;1931;NA;Orthopedic Hospital;NA;Health institution;Hospital;China;Shanghai;Zikawei;NA;852;NA;202;231
Newell_Ralph P.;NA;Western;Dartmouth;New Hampshire;B.S.;Bachelor;Sciences;Sciences;1924;1924;1924;1924;1;1;1;1919-1935;NA;NA;National City Bank of New York;NA;Company;Banking;China;Shanghai;Kiukiang;NA;41;NA;202;231
Ngao_Sz-Chow;敖士洲;Chinese;Columbia;New York;M.A.;NA;NA;NA;1929;1929;1927;1929;3;2;1.5;1919-1935;1935;NA;NA;NA;NA;NA;China;Shanghai;Delastre;NA;190;NA;202;231
Nichols_Charles A._Jr.;NA;Western;Princeton;New Jersey;A.B.;Bachelor;Arts;Humanities;1923;1923;1923;1923;1;1;1;1919-1935;NA;NA;Standard Vacuum Oil Company;NA;Company;Chemical;China;Shanghai;Canton;NA;94;NA;202;231
Nichols_Ralph B.;NA;Western;Wesleyan;Connecticut;B.S.;Bachelor;Sciences;Sciences;1913;1913;1913;1913;1;1;1;1909-1918;1932;NA;Sun Life Assurance Company;NA;Company;Insurance;China;Shanghai;Szechuen;NA;218;NA;203;232
O'Hara_Floyd J.;何誥瀾;Western;Pennsylvania;Pennsylvania;M.Sc.;Master;Sciences;Sciences;1933;1933;1923;1933;11;4;2.8;1919-1935;NA;NA;St. Luke's Hospital;NA;Health institution;Hospital;China;Shanghai;Seward;NA;177;NA;203;232
Owyang_George T.;歐陽帝擢;Chinese;Ohio State;Ohio;D.D.S.;Doctorate;Dental Surgery;Medicine;1927;1927;1919;1927;9;2;4.5;1919-1935;NA;NA;NA;NA;NA;NA;China;Shanghai;Peking;NA;255;NA;203;232
Painter_Wilfred L.;NA;Western;Washington;Washington;NA;NA;NA;NA;1924;1929;1924;1929;6;1;6;1919-1935;NA;NA;Painter & Company, W.L.;NA;Company;Company;China;Shanghai;Szechuen;NA;668;NA;203;232
Palmer_Walter;巴孟;Western;Cornell;New York;B.S.;Bachelor;Sciences;Sciences;1918;1918;1918;1918;1;1;1;1909-1918;1933;NA;Standard Vacuum Oil Company;NA;Company;Chemical;China;Shanghai;Canton;NA;94;NA;203;232
Parker_Frederick A.;巴爾克;Western;Harvard;Massachusetts;S.B.;Bachelor;Sciences;Sciences;1918;1918;1918;1918;1;2;0.5;1909-1918;1933;NA;NA;NA;NA;NA;Japan;NA;NA;NA;NA;NA;203;232
Patton_C.E.;畢嘉羅;Western;Hanover College;Indiana;Hon.D.D.;Doctorate;Law;Law;1931;1931;1896;1931;36;3;12;1883-1908;1930;NA;NA;NA;NA;NA;U.S.A.;Pasadena, CA;NA;NA;NA;NA;203;232
Pawn_Zunlean;潘承梁;Western;Illinois;Illinois;M.S.;Master;Sciences;Sciences;1922;1922;1922;1922;1;1;1;1919-1935;NA;NA;Chiao Tung University;NA;Education;University;China;Shanghai;Haig;NA;1954;NA;203;232
Perkins_James E.;NA;Western;California;California;A.B.;Bachelor;Arts;Humanities;1921;1921;1921;1921;1;1;1;1919-1935;NA;NA;Paramount Films of China;NA;Company;Movie;China;Shanghai;Museum;NA;152;NA;203;232
Pharis_LeRoy M.;NA;Western;Syracuse;New York;C.E.;Certificate;Engineering;Engineering;1907;1907;1907;1907;1;1;1;1883-1908;1935;NA;Shanghai Power Company;NA;Company;Electrical;China;Shanghai;Nanking;NA;181;NA;203;232
Pilcher_James B.;潘理起;Western;Alabama Polytechnic Institute;Alabama;M.S.;Master;Sciences;Sciences;1921;1921;1920;1921;2;2;1;1919-1935;NA;NA;American Consulate General;NA;Foreign Government;Consulate;China;Shanghai;Kiangse;NA;181;NA;203;232
Plant_Woodforde H.;溥蘭德;Western;Trinity;Texas;B.S.;Bachelor;Sciences;Sciences;1909;1909;1909;1909;1;1;1;1909-1918;NA;NA;U.S. Steel Products Company;NA;Company;Metal & Mining;China;Shanghai;Canton;NA;17;NA;203;232
Pott_Francis L. Hawks;卜紡濟;Western;Trinity;Texas;D.D.;Doctorate;Theology;Theology;1900;1900;1883;1929;47;5;9.4;1883-1908;NA;NA;St. John's University;NA;Education;University;China;Shanghai;Jessfield;NA;188;NA;204;233
Potter_John S.;NA;Western;Western University of Pennsylvania;Pennsylvania;NA;NA;NA;NA;1903;1903;1903;1903;1;1;1;1883-1908;NA;NA;China Realty Company;NA;Company;Building & Real estate;China;Shanghai;Szechuen;NA;290;NA;204;233
Powell_John B.;NA;Western;Missouri;Missouri;B.S.J.;Bachelor;Law;Law;1910;1910;1910;1910;1;1;1;1909-1918;NA;NA;China Weekly Review;NA;Company;Press & Publishing;China;Shanghai;Edward VII;NA;160;NA;204;233
Pun_Tsze;潘梓彝;Chinese;New York University;New York;NA;NA;NA;NA;1923;1925;1923;1925;3;1;3;1919-1935;1935;NA;Monk & Company, A.C.;NA;Company;Trade & Business;China;Shanghai;Kiangse;NA;353;NA;204;233
Raven_Walter F.;NA;Western;Harvard;Massachusetts;NA;NA;NA;NA;1929;1930;1929;1930;2;2;1;1919-1935;1933;NA;NA;NA;NA;NA;China;Shanghai;Haig;NA;799;NA;204;233
Reed_John T.S.;NA;Western;Harvard;Massachusetts;A.B.;Bachelor;Arts;Humanities;1915;1915;1915;1915;1;1;1;1909-1918;NA;NA;National City Bank of New York;NA;Company;Banking;China;Shanghai;Kiukiang;NA;41;NA;204;233
Rehn_Henry J.;NA;Western;Chicago;Illinois;Ph.D.;Doctorate;Undetermined;Undetermined;1930;1930;1924;1930;7;3;2.3;1919-1935;NA;NA;American Far Eastern Match Company;NA;Company;Chemical;China;Shanghai;Kiukiang;NA;20;NA;204;233
Rhame_John F.;NA;Western;Columbia;New York;E.E.;Undetermined;Electrical Engineering;Engineering;1906;1906;1906;1906;1;1;1;1883-1908;1933;NA;China Electric Company;NA;Company;Electrical;China;Shanghai;Lay;NA;269;NA;204;233
Riddick_I.G.;NA;Western;North Carolina;North Carolina;C.E.;Certificate;Engineering;Engineering;1912;1912;1912;1912;1;1;1;1909-1918;1936;NA;Yee Tsoong Tobacco Company;NA;Company;Tobacco;China;Shanghai;Soochow;NA;175;NA;204;233
Ridgway_J.W.;NA;Western;Georgetown;District of Columbia;D.D.S.;Doctorate;Dental Surgery;Medicine;1917;1917;1917;1917;1;1;1;1909-1918;NA;NA;NA;NA;NA;NA;China;Shanghai;Peking;NA;2;NA;204;233
Robbins_F.L.;NA;Western;Massachusetts College of Pharmacy;Massachusetts;NA;NA;NA;NA;1895;1898;1893;1898;6;2;3;1883-1908;NA;NA;Andersen, Meyer & Company;NA;Company;Engineering;China;Shanghai;Yuen Ming Yuen;NA;43;NA;204;233
Roberts_Donald;NA;Western;Princeton;New Jersey;M.A.;NA;NA;NA;1926;1926;1909;1926;18;3;6;1909-1918;1933;NA;St. John's University;NA;Education;University;China;Shanghai;Jessfield;NA;188;NA;204;233
Roberts_R.P.;NA;Western;Colorado;Colorado;B.S.;Bachelor;Sciences;Sciences;1910;1910;1910;1910;1;1;1;1909-1918;NA;NA;Shanghai Municipal Council;S.M.C. Public Works Dept.;Local Government;Foreign;China;Shanghai;Hankow;NA;193;NA;204;233
Rodger_H.D.;羅傑;Western;Columbia;New York;LL.M.;Master;Law;Law;1920;1920;1910;1920;11;2;5.5;1909-1918;1931;NA;U.S. Department of Agriculture;NA;Foreign Government;Agriculture;China;Shanghai;Szechuen;NA;320;NA;204;233
Rossiter_Fred J.;NA;Western;Iowa State;Iowa;M.S.;Master;Sciences;Sciences;1928;1928;1920;1928;9;2;4.5;1919-1935;NA;NA;U.S. Department of Agriculture;NA;Foreign Government;Agriculture;China;Shanghai;NA;NA;113;Sassoon House;204;233
Sah_F.K.;薩福均;Chinese;Purdue;Indiana;C.E.;Certificate;Engineering;Engineering;1910;1910;1910;1910;1;2;0.5;1909-1918;1936;NA;Ministry of Railways;NA;Central Government;Ministry;China;Nanking;NA;NA;NA;NA;204;233
Sawyer_John B.;邵曾華;Western;California;California;B.S.;Bachelor;Sciences;Sciences;1902;1902;1902;1902;1;1;1;1883-1908;NA;NA;American Consulate General;NA;Foreign Government;Consulate;China;Shanghai;Kiangse;NA;181;NA;205;234
Seibert_Elvin;NA;Western;Columbia;New York;B.A.;Bachelor;Arts;Humanities;1924;1924;1924;1924;1;1;1;1919-1935;NA;NA;American Consulate General;NA;Foreign Government;Consulate;China;Shanghai;Kiangse;NA;181;NA;205;234
Sellers_C.G.;NA;Western;Sewanee;Tennessee;NA;NA;NA;NA;1917;1917;1917;1917;1;1;1;1909-1918;NA;NA;China National Aviation Corporation;NA;Company;Transportation;China;Shanghai;Canton;NA;51;NA;205;234
Sellett_George;NA;Western;Michigan;Michigan;J.D.;Doctorate;Law;Law;1922;1922;1920;1922;3;2;1.5;1919-1935;1931;NA;NA;NA;NA;NA;China;Shanghai;NA;NA;354;Hamilton House;205;234
Service_Robert R.;NA;Western;California;California;B.S.;Bachelor;Sciences;Sciences;1902;1902;1902;1902;1;1;1;1883-1908;1931;Deceased;China International Famine Relief Commission;NA;Organization;International;China;Shanghai;Honan;NA;505;NA;205;234
Shaw_Albert T.H.;邵曾華;Chinese;Pennsylvania;Pennsylvania;M.B.A.;Master;Business Administration;Business & Commerce;1930;1930;1929;1930;2;2;1;1919-1935;NA;NA;Bank of China;NA;Company;Banking;China;Shanghai;Hankow;NA;50;NA;205;234
Shen_Pao Guay;沈寶夔;Chinese;Harvard;Massachusetts;S.M.;Master;Sciences;Sciences;1929;1929;1929;1929;1;1;1;1919-1935;NA;NA;Bureau of International Telegraph;NA;Company;Communication;China;Shanghai;Peking;NA;255;Nantao;205;234
Shen_T.C.;沈素存;Chinese;George Washington;District of Columbia;M.A.;NA;NA;NA;1916;1916;1916;1916;1;1;1;1909-1918;NA;NA;NA;NA;NA;NA;China;Shanghai;Van Vu Ka;NA;110;Nantao;205;234
Sheridan_H.J.;NA;Western;Yale;Connecticut;Ph.B.;Bachelor;Philosophy;Humanities;1911;1911;1911;1911;1;1;1;1909-1918;NA;NA;Standard Vacuum Oil Company;NA;Company;Chemical;China;Shanghai;Canton;NA;94;NA;205;234
Shih_Kuo-Kang;史國綱;Chinese;Harvard;Massachusetts;M.A.;NA;NA;NA;1931;1931;1928;1931;4;2;2;1919-1935;NA;NA;Commercial Press;NA;Company;Press & Publishing;China;Shanghai;Honan;NA;211;NA;205;234
Simmons_W.M.;NA;Western;Columbia;New York;A.B.;Bachelor;Arts;Humanities;1923;1923;1923;1923;1;1;1;1919-1935;NA;NA;National City Bank of New York;NA;Company;Banking;China;Shanghai;Kiukiang;NA;41;NA;205;234
Sipprell_William A._Jr.;NA;Western;Oregon;Oregon;NA;NA;NA;NA;1929;1929;1929;1929;1;1;1;1919-1935;NA;NA;China Foreign Trade Corporation;NA;Company;Trade & Business;China;Shanghai;Yuen Ming Yuen;NA;133;NA;205;234
Siroff_Michael P.;NA;Western;Southern California;California;B.S.;Bachelor;Sciences;Sciences;1932;1932;1932;1932;1;1;1;1919-1935;NA;NA;Southern California Oil Company;NA;Company;Chemical;China;Shanghai;Tenant de la Tour;NA;509;NA;206;235
Smith_Bruce M.;施米士;Western;Williams College;Massachusetts;B.A.;Bachelor;Arts;Humanities;1915;1915;1915;1915;1;1;1;1909-1918;1933;NA;Moody, Inc., Mark L.;NA;Company;Automobile;China;Shanghai;Edward VII;NA;80;NA;206;235
Smith_H. Maxcy_Jr.;NA;Western;Hampden;Sydney;B.A.;Bachelor;Arts;Humanities;1929;1929;1929;1929;1;1;1;1919-1935;NA;NA;Shanghai Telephone Company;NA;Company;Communication;China;Shanghai;Kiangse;NA;232;NA;206;235
Smith_W. Rector;NA;Western;Washington;Washington;D.D.S.;Doctorate;Dental Surgery;Medicine;1907;1907;1907;1907;1;1;1;1883-1908;1935;NA;NA;NA;NA;NA;China;Shanghai;Bund;NA;17;NA;206;235
Soong_T.A.;宋子安;Chinese;Harvard;Massachusetts;B.A.;Bachelor;Arts;Humanities;1928;1928;1928;1928;1;1;1;1919-1935;1933;NA;NA;NA;NA;NA;China;Shanghai;Ghisi;NA;9;NA;206;235
Soong_T.L.;宋子頁;Chinese;Vanderbilt;Tennessee;B.A.;Bachelor;Arts;Humanities;1922;1922;1922;1922;1;1;1;1919-1935;1933;NA;China Development Finance Corporation;NA;Company;Banking;China;Shanghai;Kiangse;NA;181;NA;206;235
Soong_T.V.;宋子文;Chinese;Harvard;Massachusetts;B.A.;Bachelor;Arts;Humanities;1917;1917;1917;1929;13;2;6.5;1909-1918;1933;NA;Bank of China;NA;Company;Banking;China;Shanghai;Hankow;NA;50;NA;206;235
Speers_J.M._Jr.;施雅各;Western;New York University;New York;M.A.;NA;NA;NA;1930;1930;1916;1930;15;2;7.5;1909-1918;NA;NA;NA;NA;NA;NA;U.S.A.;NA;NA;NA;NA;NA;206;235
Speery_Henry M.;NA;Western;Columbia;New York;A.B.;Bachelor;Arts;Humanities;1928;1928;1924;1928;5;2;2.5;1919-1935;NA;NA;National City Bank of New York;NA;Company;Banking;China;Shanghai;Kiukiang;NA;41;NA;206;235
Stocker_E.C.;NA;Western;Wisconsin;Wisconsin;C.E.;Certificate;Engineering;Engineering;1924;1924;1909;1924;16;2;8;1909-1918;NA;NA;Texas Company (China), Ltd., The;NA;Company;Chemical;China;Shanghai;Bund;NA;12;NA;206;235
Sun_Fo;孫科;Chinese;Columbia;New York;M.A.;NA;NA;NA;1917;1917;1915;1935;21;3;7;1909-1918;1936;NA;Legislative Yuan;NA;Central Government;Legislative Yuan;China;Nanking;NA;NA;NA;NA;206;235
Sun_J.H.;孫瑞璜;Chinese;Columbia;New York;M.S.;Master;Sciences;Sciences;1924;1924;1923;1924;2;2;1;1919-1935;NA;NA;Sin-Hua Trust & Savings Bank;NA;Company;Banking;China;Shanghai;Kiangse;NA;361;NA;206;235
Sun_Y.F. Ralph;孫景西;Chinese;Brown;Rhode Island;Ph.B.;Bachelor;Philosophy;Humanities;1912;1912;1912;1912;1;1;1;1909-1918;1931;NA;Chung Foo Union Bank;NA;Company;Banking;China;Shanghai;Jinkee;NA;103;NA;206;235
Sung_I-chung;栄以忠;Chinese;Harvard;Massachusetts;M.B.A.;Master;Business Administration;Business & Commerce;1930;1930;1930;1930;1;1;1;1919-1935;NA;NA;Commercial Press;NA;Company;Press & Publishing;China;Shanghai;Honan;NA;211;NA;207;236
Sung_Jess;宋以信;Chinese;Harvard;Massachusetts;M.B.A.;Master;Business Administration;Business & Commerce;1931;1931;1931;1931;1;1;1;1919-1935;NA;NA;Butterfield & Swire;NA;Company;Trade & Business;China;Shanghai;French Bund;NA;21;NA;207;236
Sung_William Z.L.;沈嗣頁;Chinese;Columbia;New York;M.A.;NA;NA;NA;1930;1930;1921;1930;10;2;5;1919-1935;NA;NA;St. John's University;NA;Education;University;China;Shanghai;Jessfield;NA;188;NA;207;236
Sze_F.C.;施博羣;Chinese;Harvard;Massachusetts;M.A.;NA;NA;NA;1919;1919;1918;1919;2;2;1;1909-1918;1931;NA;Joint Savings Society;NA;Company;Banking;China;Shanghai;Szechuen;NA;261;NA;207;236
Sze_Ying Tse-yu;施鎣;Chinese;Columbia;New York;M.S.;Master;Sciences;Sciences;1916;1916;1914;1916;3;2;1.5;1909-1918;NA;NA;National Southern Railway (Shanghai-Hangchow Railway);N.S.R. Locomotive Dept.;Central Government;Administration;China;Shanghai;NA;NA;NA;Embankment building;207;236
Tai_Tse-Chien;戴志騫;Chinese;Iowa;Iowa;Ph.D.;Doctorate;Undetermined;Undetermined;1925;1925;1918;1925;8;2;4;1909-1918;1936;NA;Bank of China;NA;Company;Banking;China;Shanghai;Hankow;NA;50;NA;207;236
Tan_W.H.;譚學偉;Chinese;Yale;Connecticut;B.A.;Bachelor;Arts;Humanities;1917;1917;1917;1917;1;1;1;1909-1918;1935;NA;China Electric Company;NA;Company;Electrical;China;Shanghai;Lay;NA;269;NA;207;236
Tang_Paul;唐寶璜;Chinese;New York University;New York;NA;NA;NA;NA;1912;1913;1909;1913;5;2;2.5;1909-1918;NA;NA;Sincere Insurance & Investment Company;NA;Company;Insurance;China;Shanghai;Chekiang;NA;403;NA;207;236
Throop_Montgomery;都孟高;Western;Yale;Connecticut;M.A.;NA;NA;NA;1911;1911;1907;1911;5;2;2.5;1883-1908;1935;NA;St. John's University;NA;Education;University;China;Shanghai;Jessfield;NA;188;NA;207;236
Ting_H.N.;丁雪農;Chinese;Pennsylvania;Pennsylvania;A.B.;Bachelor;Arts;Humanities;1915;1918;1915;1918;4;1;4;1909-1918;1936;NA;Tai Ping Insurance Company;NA;Company;Insurance;China;Shanghai;Kiangse;NA;212;NA;207;236
Tipton_William H.;帖威林;Western;Carson-Newman;Tennessee;D.D.;Doctorate;Theology;Theology;1935;1935;1900;1935;36;2;18;1883-1908;NA;NA;China Baptist Publication Society;NA;Organization;Religious;China;Shanghai;Yuen Ming Yuen;NA;209;NA;207;236
Tobin_Chester M.;NA;Western;Macalester;Minnesota;A.B.;Bachelor;Arts;Humanities;1920;1920;1920;1920;1;1;1;1919-1935;1933;NA;NA;NA;NA;NA;U.S.A.;NA;NA;NA;NA;NA;207;236
Todnem_Lawrence;陶德滿;Western;South Dakota;South Dakota;B.A.;Bachelor;Arts;Humanities;1912;1912;1912;1912;1;1;1;1909-1918;NA;NA;American Bible Society;NA;Organization;Religious;China;Shanghai;Yuen Ming Yuen;NA;169;NA;208;237
Tsai_Eaton K.C.;蔡公椿;Chinese;Pennsylvania;Pennsylvania;M.B.A.;Master;Business Administration;Business & Commerce;1925;1925;1912;1925;14;2;7;1909-1918;NA;NA;Commercial Press;NA;Company;Press & Publishing;China;Shanghai;Honan;NA;211;NA;208;237
Tsai_Hsiung;蔡雄;Chinese;Lehigh;Pennsylvania;M.E.;Master;Engineering;Engineering;1919;1919;1919;1919;1;1;1;1919-1935;1930;NA;Mayar Silk Mills, Ltd.;NA;Company;Textile;China;Shanghai;Tientsin;NA;256;NA;208;237
Tsai_Shing Wu;蔡星五;Chinese;New York University;New York;M.B.A.;Master;Business Administration;Business & Commerce;1919;1919;1918;1919;2;2;1;1909-1918;NA;NA;Chiao Tung University;NA;Education;University;China;Shanghai;Haig;NA;1954;NA;208;237
Tsai_Thomas Wen-hsi;蔡文照;Chinese;Wisconsin;Wisconsin;M.A.;NA;NA;NA;1931;1931;1929;1931;3;2;1.5;1919-1935;NA;NA;National Southern Railway (Shanghai-Hangchow Railway);N.S.R. Locomotive Dept.;Central Government;Administration;China;Shanghai;NA;NA;NA;Embankment building;208;237
Tsao_Y.S.;曹蝥祥;Chinese;Harvard;Massachusetts;M.B.A.;Master;Business Administration;Business & Commerce;1914;1914;1911;1914;4;2;2;1909-1918;1933;NA;Chinese Red Cross;Red Cross Society;Organization;International;China;Shanghai;Kiukiang;NA;342;NA;208;237
Tseng_Yang-fu;曾養甫;Chinese;Pittsburg;Pennsylvania;A.M.;Master;Arts;Humanities;1926;1926;1926;1926;1;1;1;1919-1935;1936;NA;Canton Municipal Government;NA;Local Government;Local Government;China;Canton;NA;NA;NA;NA;208;237
Tsha_Kingwell;蔡鏡懷;Chinese;Michigan;Michigan;A.M.;Master;Arts;Humanities;1929;1929;1929;1929;1;1;1;1919-1935;NA;NA;Ministry of Industry;Bureau of Foreign Trade;Central Government;Administration;China;Shanghai;North Soochow;NA;1040;NA;195;224
Tsiang_K.S.;蔣柯亭;Chinese;Louisiana;Louisiana;M.S.;Master;Sciences;Sciences;1912;1912;1911;1912;2;2;1;1909-1918;1930;NA;Chun-Tah Cotton Spinning & Weaving Company;NA;Company;Textile;China;Shanghai;Jessfield;NA;173;NA;208;237
Tsou_P.W.;鄒秉文;Chinese;Cornell;New York;B.S.;Bachelor;Sciences;Sciences;1916;1916;1916;1916;1;1;1;1909-1918;NA;NA;Shanghai Commercial & Savings Bank;NA;Company;Banking;China;Shanghai;Ningpo;NA;50;NA;208;237
Tsou_Shang-Hsiung;鄒尙能;Chinese;Michigan;Michigan;B.S.E.;Bachelor;Engineering;Engineering;1924;1924;1920;1924;5;2;2.5;1919-1935;NA;NA;Commercial Press;NA;Company;Press & Publishing;China;Shanghai;Honan;NA;211;NA;208;237
Tyau_E.S.;刁信德;Chinese;Pennsylvania;Pennsylvania;D.T.M.;Doctorate;Tropical Medicine;Medicine;1914;1914;1914;1914;1;2;0.5;1909-1918;1931;NA;NA;NA;NA;NA;China;Shanghai;Yu Yuen;NA;738;NA;208;237
Vanderburgh_R.M.;NA;Western;Wooster;Ohio;NA;NA;NA;NA;1917;1917;1917;1917;1;1;1;1909-1918;1932;NA;Realty Investment Company;NA;Company;Building & Real estate;China;Shanghai;Bund;NA;12;NA;208;237
Vaughn_Charles S.;NA;Western;Vanderbilt;Tennessee;NA;NA;NA;NA;1926;1926;1926;1926;1;1;1;1919-1935;1933;NA;China National Aviation Corporation;NA;Company;Transportation;China;Shanghai;Canton;NA;51;NA;209;238
Villers_Ernest;NA;Western;Texas;Texas;NA;NA;NA;NA;1927;1930;1914;1930;17;3;5.7;1909-1918;NA;NA;Shanghai American School;NA;Education;School;China;Shanghai;Petain;NA;10;NA;209;238
Wadsworth_Julius;NA;Western;Harvard;Massachusetts;A.B.;Bachelor;Arts;Humanities;1926;1926;1926;1926;1;1;1;1919-1935;NA;NA;American Consulate General;NA;Foreign Government;Consulate;China;Shanghai;Kiangse;NA;181;NA;209;238
Walker_M.P.;華克;Western;Stevens Institute of Technology;New Jersey;M.E.;Master;Engineering;Engineering;1898;1898;1898;1898;1;1;1;1883-1908;NA;NA;American Church Mission;NA;Organization;Religious;China;Shanghai;Minghong;NA;152;NA;209;238
Walline_Edwin E.;華連;Western;Emporia College;Kansas;D.D.;Doctorate;Theology;Theology;NA;NA;NA;NA;#VALUE!;3;NA;NA;NA;NA;Presbyterian China Council;NA;Organization;Religious;China;Shanghai;Yuen Ming Yuen;NA;169;NA;209;238
Wang_C.H.;王正序;Chinese;Princeton;New Jersey;A.M.;Master;Arts;Humanities;1917;1917;1916;1917;2;2;1;1909-1918;NA;NA;Bank of China;NA;Company;Banking;U.S.A.;New York;NA;NA;NA;NA;209;238
Wang_C.Y.;王榰亞;Chinese;Harvard;Massachusetts;S.M.;Master;Sciences;Sciences;1920;1920;1919;1920;2;2;1;1919-1935;1934;NA;NA;NA;NA;NA;NA;NA;NA;NA;NA;NA;209;238
Wang_Ching-Shi;王雲瞻;Chinese;Cornell;New York;M.C.E.;Master;Civil Engineering;Engineering;1925;1925;1925;1925;1;1;1;1919-1935;NA;NA;Chiao Tung University;NA;Education;University;China;Shanghai;Haig;NA;1954;NA;209;238
Wang_K.P.;王伯衡;Chinese;Princeton;New Jersey;Litt.B.;Bachelor;Literature;Humanities;1919;1919;1918;1919;2;2;1;1909-1918;1936;NA;Tai Ping Insurance Company;NA;Company;Insurance;China;Shanghai;Kiangse;NA;212;NA;209;238
Wang_K.S.;王康生;Chinese;Columbia;New York;M.A.;Master;Arts;Humanities;1921;1921;1917;1921;5;3;1.7;1909-1918;NA;NA;Commercial Press;NA;Company;Press & Publishing;China;Shanghai;Honan;NA;211;NA;209;238
Wang_Kwan-Hsien;王官獻;Chinese;Michigan;Michigan;M.A.;NA;NA;NA;1935;1935;1935;1935;1;1;1;1919-1935;NA;NA;Bank of Communications;NA;Company;Banking;China;Shanghai;Bund;NA;14;NA;209;238
Wang_Thomas Chenting;王正廷;Chinese;St. John's University;Shanghai;LL.B.;Bachelor;Law;Law;1920;1920;1910;1920;11;2;5.5;1909-1918;1931;NA;NA;NA;NA;NA;China;Shanghai;Amiral Courbet;NA;50;NA;209;238
Wang_Tom Z.;王一吾;Chinese;New York University;New York;B.C.S.;Bachelor;Commercial Sciences;Business & Commerce;1922;1922;1922;1922;1;1;1;1919-1935;1933;NA;NA;NA;NA;NA;China;Shanghai;Szechuen;NA;320;NA;210;239
Wang_Tsu-lien;王祖廉;Chinese;Chicago;Illinois;Ph.D.;Doctorate;Undetermined;Undetermined;1932;1932;1917;1932;16;3;5.3;1909-1918;NA;NA;Chung Hwa Book Company;NA;Company;Press & Publishing;China;Shanghai;Honan;NA;221;NA;210;239
Watson_Felthan;NA;Western;St. Louis;Missouri;LL.B.;Bachelor;Law;Law;1924;1924;1924;1924;1;1;1;1919-1935;NA;NA;U.S. Court for China;NA;Court;Court;China;Shanghai;Kiangse;NA;181;NA;210;239
Way_Fritz P.;衞飛哲;Western;New York University;New York;M.B.A.;Master;Business Administration;Business & Commerce;1931;1931;1931;1931;1;1;1;1919-1935;NA;NA;NA;NA;NA;NA;China;Shanghai;Dixwell;NA;750;NA;210;239
Wei_Lott H.T.;韋憲章;Chinese;Pennsylvania;Pennsylvania;M.A.;NA;NA;NA;1918;1918;1918;1918;1;1;1;1909-1918;NA;NA;Central Mint;NA;Central Government;Administration;China;Shanghai;Gordon;North End;NA;NA;210;239
Wei_Sydney Koh;韋愨;Chinese;Chicago;Illinois;Ph.D.;Doctorate;Undetermined;Undetermined;1920;1920;1918;1920;3;2;1.5;1909-1918;1933;NA;Commercial Press;NA;Company;Press & Publishing;China;Shanghai;Honan;NA;211;NA;210;239
Welch_Herbert;韋勵士;Western;Wesleyan;Connecticut;B.A.;Bachelor;Arts;Humanities;1897;1897;1897;1897;1;1;1;1883-1908;NA;NA;NA;NA;NA;NA;U.S.A.;NA;NA;NA;NA;NA;210;239
Welles_Henry H.;NA;Western;Columbia;New York;Ph.D.;Doctorate;Undetermined;Undetermined;1932;1932;1921;1932;12;2;6;1919-1935;NA;NA;Shanghai American School;NA;Education;School;China;Shanghai;Petain;NA;10;NA;210;239
Wells_Ralph Crane;NA;Western;Colorado;Colorado;Ph.D.;Doctorate;Undetermined;Undetermined;1931;1931;1901;1931;31;3;10.3;1883-1908;NA;NA;American Presbyterian Mission;NA;Organization;Religious;China;Shanghai;Yuen Ming Yuen;NA;169;NA;210;239
Wen_Yu-Ching;溫毓慶;Chinese;Harvard;Massachusetts;Ph.D.;Doctorate;Undetermined;Undetermined;1920;1920;1917;1920;4;3;1.3;1909-1918;NA;NA;Ministry of Communications;NA;Central Government;Ministry;China;Nanking;NA;NA;NA;NA;210;239
West_Eric Ralph;NA;Western;George Washington;District of Columbia;LL.B.;Bachelor;Law;Law;1927;1927;1917;1927;11;2;5.5;1909-1918;NA;NA;U.S. Army;U.S. Marine Corps;Army;Foreign;China;Shanghai;Haiphong;NA;527;NA;210;239
Wilbur_Hollis A.;NA;Western;Ohio Wesleyan;Ohio;M.A.;Master;Arts;Humanities;1896;1896;1896;1896;1;2;0.5;1883-1908;NA;NA;Young Men's Christian Association;Y.M.C.A. National Committee;Organization;Religious;China;Shanghai;Museum;NA;131;NA;210;239
Williams_J.T.;威林士;Western;Louisville;Kentucky;Th.D.;Doctorate;Theology;Theology;1921;1921;1909;1921;13;3;4.3;1909-1918;NA;NA;China Baptist Publication Society;NA;Organization;Religious;China;Shanghai;Yuen Ming Yuen;NA;209;NA;210;239
Wong_Benjamin;黃烟基;Chinese;Illinois;Illinois;D.D.S.;Doctorate;Dental Surgery;Medicine;1922;1922;1922;1922;1;1;1;1919-1935;1932;NA;NA;NA;NA;NA;China;Shanghai;Peking;NA;255;NA;211;239
Wong_I.K.;王以敬;Chinese;Pennsylvania;Pennsylvania;M.M.Sc.;Master;Medical Sciences;Medicine;1930;1930;1924;1930;7;2;3.5;1919-1935;NA;NA;NA;NA;NA;NA;China;Shanghai;Peking;NA;255;NA;211;240
Wong_I.P.;黄耀邦;Chinese;New York University;New York;M.B.A.;Master;Business Administration;Business & Commerce;1927;1927;1926;1927;2;2;1;1919-1935;NA;NA;Asia Life Insurance Company;NA;Company;Insurance;China;Shanghai;Bund;NA;17;NA;211;240
Wong_James;黄漢彦;Chinese;New York University;New York;NA;NA;NA;NA;1925;1926;1921;1926;6;2;3;1919-1935;NA;NA;A.B.C. Underwear Weaving Company;NA;Company;Textile;China;Shanghai;Nanking;NA;562;NA;211;240
Wong_James Norman;黃金樹;Chinese;Southern California;California;M.B.A.;Master;Business Administration;Business & Commerce;1930;1930;1930;1930;1;1;1;1919-1935;NA;NA;Young Men's Christian Association;Chinese Y.M.C.A.;Organization;Religious ;China;Shanghai;Montigny;NA;125;NA;211;240
Wong_Ralph B.;黃佰棠;Chinese;Stanford;California;B.A.;Bachelor;Arts;Humanities;1915;1915;1915;1915;1;1;1;1909-1918;NA;NA;Salt Revenue Administration;NA;Central Government;Administration;China;Shanghai;Bund;NA;18;NA;211;240
Wong_Shiu Hung;黃兆鴻;Chinese;Michigan;Michigan;M.S.;Master;Sciences;Sciences;1923;1923;1922;1923;2;2;1;1919-1935;1936;NA;Cosmopolitan Trust Company;NA;Company;Banking;China;Shanghai;Seymour;NA;173;NA;211;240
Wong_Tse-Kong;王志剛;Chinese;Pennsylvania;Pennsylvania;M.B.A.;Master;Business Administration;Business & Commerce;1925;1925;1924;1925;2;2;1;1919-1935;1936;NA;National Southern Railway (Shanghai-Hangchow Railway);NA;Central Government;Administration;China;Shanghai;NA;NA;NA;North Station;211;240
Wong_W.F.;黃榮輝;Chinese;Illinois;Illinois;B.A.;Bachelor;Arts;Humanities;1913;1913;1913;1913;1;1;1;1909-1918;NA;NA;NA;NA;NA;NA;China;Shanghai;Yu Yuen;NA;843;NA;211;240
Wong_Yu Fong;黃友逢;Chinese;California;California;B.A.;Bachelor;Arts;Humanities;1924;1924;1924;1924;1;1;1;1919-1935;1932;NA;NA;NA;NA;NA;China;Shanghai;NA;NA;NA;NA;211;240
Wong_Yuan D.;黃元道;Chinese;Minnesota;Minnesota;NA;NA;NA;NA;1916;1918;1915;1918;4;2;2;1909-1918;NA;NA;Tai Ping Insurance Company;NA;Company;Insurance;China;Shanghai;Kiangse;NA;212;NA;211;240
Woo_Herbert;伍子昂;Chinese;Columbia;New York;B.Arch.;Bachelor;Architecture;Architecture;1933;1933;1933;1933;1;2;0.5;1919-1935;1935;NA;Fan, Robert, Architect;NA;Company;Building & Real estate;China;Shanghai;Szechuen;NA;110;NA;211;240
Woo_L.S.;胡蘭生;Chinese;Harvard;Massachusetts;M.D.;Doctorate;Medicine;Medicine;1921;1921;1921;1921;1;1;1;1919-1935;1933;NA;NA;NA;NA;NA;China;Haichow;NA;NA;NA;NA;212;241
Woo_S.T.;吳旭丹;Chinese;Harvard;Massachusetts;M.D.;Doctorate;Medicine;Medicine;1919;1919;1919;1919;1;1;1;1919-1935;NA;NA;NA;NA;NA;NA;China;Shanghai;Peking;NA;205;NA;212;241
Woo_Tonzoo C.;吳東初;Chinese;Columbia;New York;A.M.;Master;Arts;Humanities;1921;1921;1921;1921;1;1;1;1919-1935;1934;NA;Otis Elevator Company;NA;Company;Mechanical;China;Shanghai;Avenue;NA;935;NA;212;241
Wool_Swain;吳士蔚;Western;Columbia;New York;B.S.;Bachelor;Sciences;Sciences;1930;1930;1928;1930;3;2;1.5;1919-1935;NA;NA;National City Bank of New York;NA;Company;Banking;China;Shanghai;Kiukiang;NA;41;NA;212;241
Wu_Hueyjung L.;吳惠榮;Chinese;New York University;New York;B.C.S.;Bachelor;Commercial Sciences;Business & Commerce;1918;1918;1918;1918;1;1;1;1909-1918;NA;NA;Nanking Brothers Tobacco Company;NA;Company;Tobacco;China;Shanghai;Seward;NA;786;NA;212;241
Wu_Jack Foy;伍直誨;Chinese;Stanford;California;M.D.;Doctorate;Medicine;Medicine;1929;1929;1921;1929;9;3;3;1919-1935;1935;NA;NA;NA;NA;NA;China;Shanghai;Bubbling Well;;934;Medhurst Apartment;212;241
Wu_John C.H.;吳經熊;Chinese;Michigan;Michigan;J.D.;Doctorate;Law;Law;1921;1921;1921;1921;1;1;1;1919-1935;1933;NA;NA;NA;NA;NA;China;Shanghai;Nanking;NA;353;NA;212;241
Wu_Pond S.;伍灼泮;Chinese;Wisconsin;Wisconsin;M.Sc.;Master;Sciences;Sciences;1915;1915;1914;1915;2;3;0.7;1909-1918;NA;NA;Salt Revenue Administration;NA;Central Government;Administration;China;Shanghai;Bund;NA;18;NA;212;241
Wu_Shou Sing;吳守信;Chinese;Columbia;New York;NA;NA;NA;NA;1930;1934;1929;1934;6;2;3;1919-1935;NA;NA;Sing Chong Loong Company;NA;Company;Food;China;Shanghai;North Soochow;NA;287;NA;212;241
Wu_Tse-Wei;吳志衛;Chinese;Detroit;Michigan;M.C.S.;Master;Commercial Sciences;Business & Commerce;1925;1925;1925;1925;1;2;0.5;1919-1935;1936;NA;Up… Company;NA;Company;Company;China;Shanghai;Museum;NA;14;NA;212;241
Wythe_Donald H.;NA;Western;New York University;New York;NA;NA;NA;NA;1914;1916;1914;1916;3;1;3;1909-1918;NA;NA;Wythe & Co., D.H.;NA;Company;Company;China;Shanghai;Kiangse;NA;353;NA;212;241
Yang_Fred Y.T.;楊潤德;Chinese;Pennsylvania;Pennsylvania;B.S.;Bachelor;Sciences;Sciences;1926;1926;1926;1926;1;1;1;1919-1935;NA;NA;Shanghai Commercial & Savings Bank;NA;Company;Banking;China;Shanghai;Ningpo;NA;50;NA;213;242
Yang_Jenken;楊潤鈞;Chinese;Michigan;Michigan;A.B.;Bachelor;Arts;Humanities;1932;1932;1932;1932;1;1;1;1919-1935;NA;NA;Su, Yang & Lei, Architects;NA;Company;Building & Real estate;China;Shanghai;Museum;NA;128;NA;213;242
Yang_Sidney Hsi Yuan;楊錫遠;Chinese;Pennsylvania;Pennsylvania;B.S.;Bachelor;Sciences;Sciences;1931;1931;1931;1931;1;1;1;1919-1935;NA;NA;Young Brothers Banking Corporation;NA;Company;Banking;China;Shanghai;Kiukiang;NA;276;NA;213;242
Yang_Wei-Ping;楊渭賓;Chinese;Columbia;New York;M.A.;NA;NA;NA;1920;1920;1920;1920;1;1;1;1919-1935;1933;NA;NA;NA;NA;NA;China;Shanghai;NA;NA;NA;Holt's Warf, Lower Pootung;213;242
Yang_Yung Ching;楊永清;Chinese;Southern College;Georgia;LL.D.;Doctorate;Law;Law;1930;1930;1920;1930;11;3;3.7;1919-1935;1936;NA;Soochow University;NA;Education;University;China;Soochow;NA;NA;NA;NA;213;242
Yao_Y.L.;姚永勵;Chinese;Chicago;Illinois;J.D.;Doctorate;Law;Law;1926;1926;1924;1926;3;2;1.5;1919-1935;1933;NA;NA;NA;NA;NA;China;Shanghai;Hong Kong;NA;59;NA;213;242
Yap_Raymond;葉俊聰;Western;Tulane;Louisiana;NA;NA;NA;NA;1932;1933;1930;1933;4;2;2;1919-1935;NA;NA;NA;NA;NA;NA;China;Shanghai;Edinburgh;NA;91;NA;213;242
Yapp_Daniel K.F.;葉桂馥;Western;Pennsylvania;Pennsylvania;M.A.;NA;NA;NA;1918;1918;1917;1918;2;2;1;1909-1918;NA;NA;Crown Life Insurance Company;NA;Company;Insurance;China;Shanghai;Kiukiang;NA;113;NA;213;242
Yee_S.K.;余兆麒;Chinese;Chicago;Illinois;J.D.;Doctorate;Law;Law;1928;1928;1927;1928;2;3;0.7;1919-1935;NA;NA;International Assurance Company;NA;Company;Insurance;China;Shanghai;Bund;NA;17;NA;213;242
Yeh_Chia-tsun;葉家俊;Chinese;Michigan;Michigan;M.S.;Master;Sciences;Sciences;1921;1921;1920;1921;2;2;1;1919-1935;NA;NA;NA;NA;NA;NA;China;Shanghai;Winling;NA;297;NA;213;242
Yen_Fu-ching;顔福慶;Chinese;Harvard;Massachusetts;C.H.P.;Certificate;Health Physicist;Medicine;1911;1911;1909;1911;3;2;1.5;1909-1918;1936;NA;National Medical College;NA;Education;University;China;Shanghai;Haig;NA;373;NA;213;242
Yen_H.L.;顏遂良;Chinese;Pennsylvania;Pennsylvania;D.D.S.;Doctorate;Dental Surgery;Medicine;1930;1930;1930;1930;1;1;1;1919-1935;1936;NA;NA;NA;NA;NA;China;Shanghai;Nanking;NA;153;Embankment building;213;242
Yen_Johnson;顔祥生;Chinese;New York University;New York;NA;NA;NA;NA;1922;1922;1922;1922;1;1;1;1919-1935;NA;NA;National Southern Railway (Shanghai-Hangchow Railway);N.S.R. Locomotive Dept.;Central Government;Administration;China;Shanghai;NA;NA;NA;NA;214;243
Yen_K.T.;顔瀏;Chinese;Columbia;New York;B.A.;Bachelor;Arts;Humanities;1927;1927;1927;1927;1;1;1;1919-1935;NA;NA;Ministry of Finance;NA;Central Government;Ministry;China;Shanghai;Bund;NA;15;NA;214;243
Yen_L.C.;嚴連慶;Chinese;Purdue;Indiana;C.E.;Certificate;Engineering;Engineering;1917;1917;1910;1917;8;2;4;1909-1918;NA;NA;Central Trust Company;NA;Company;Banking;China;Shanghai;Peking;NA;270;NA;214;243
Yen_Loo-Ching;顔魯慶;Chinese;Chicago;Illinois;D.C.L.;Doctorate;Law;Law;1928;1928;1928;1928;1;1;1;1919-1935;1933;NA;NA;NA;NA;NA;China;Shanghai;Edward VII;NA;9;NA;214;243
Young_Arthur N.;NA;Western;George Washington;District of Columbia;LL.B.;Bachelor;Law;Law;1927;1927;1910;1927;18;3;6;1909-1918;NA;NA;NA;NA;NA;NA;China;Shanghai;Ghisi;NA;2;NA;214;243
Yu_Leo W.;于立五;Chinese;Purdue;Indiana;NA;NA;NA;NA;1925;1926;1922;1926;5;3;1.7;1919-1935;NA;NA;China Electric Company;NA;Company;Electrical;China;Shanghai;Lay;NA;269;NA;214;243
Yu_T.M.;尤志邁;Chinese;Cornell;New York;B.S.A.;Bachelor;Agricultural Science;Sciences;1913;1913;1913;1913;1;1;1;1909-1918;NA;NA;Liberty Dairy, The;NA;Company;Food;China;Shanghai;Yenping;NA;260;NA;214;243
Yu_Zu Shung;俞汝鑫;Chinese;Harvard;Massachusetts;M.S.E.E.;Master;Electrical Engineering;Engineering;1926;1926;1926;1926;1;1;1;1919-1935;NA;NA;Shanghai Telegraph Office;NA;Company;Communication;China;Shanghai;Szechuen;NA;200;Sassoon House;214;243
Yui_K.L.;俞開齡;Chinese;New York University;New York;B.A.;Bachelor;Arts;Humanities;1923;1923;1923;1923;1;1;1;1919-1935;1933;NA;Swan, Culbertson & Fritz;NA;Company;Trade & Business;China;Shanghai;NA;NA;118;NA;214;243
Yui_Ming;余銘;Chinese;Cornell;New York;LL.B.;Bachelor;Law;Law;1929;1929;1929;1929;1;2;0.5;1919-1935;NA;NA;Ministry of Foreign Affairs;NA;Central Government;Ministry;China;Nanking;NA;NA;NA;NA;214;243
Yung_Barlett G.;容覲槐;Chinese;Yale;Connecticut;B.S.;Bachelor;Sciences;Sciences;1902;1902;1902;1902;1;1;1;1883-1908;NA;NA;Yung & Company, Bartlett;NA;Company;Company;China;Shanghai;Kiangse;NA;132;Embankment building;214;243
Yung_Kai Man;容啓文;Chinese;Brooklyn Polytechnic Institute;New York;C.E.;Certificate;Engineering;Engineering;1920;1920;1920;1920;1;1;1;1919-1935;NA;NA;National Southern Railway (Shanghai-Hangchow Railway);NA;Central Government;Administration;China;Shanghai;NA;NA;127;Hamilton House;214;243
Yung_Kuanty;容觀棣;Chinese;Iowa State;Iowa;M.A.;NA;NA;NA;1928;1928;1927;1928;2;2;1;1919-1935;NA;NA;Kian Gwan Company (India) Ltd.;NA;Company;Trade & Business;China;Shanghai;NA;NA;115;NA;215;244
Zau_Z.D.;曹晨濤;Chinese;Harvard;Massachusetts;M.D.;Doctorate;Theology;Theology;1921;1921;1921;1921;1;1;1;1919-1935;1934;NA;NA;NA;NA;NA;China;Shanghai;Peking;NA;255;NA;215;244
Zee_Andrew;徐安;Chinese;Chicago;Illinois;NA;NA;NA;NA;1931;1933;1929;1933;5;2;2.5;1919-1935;NA;NA;NA;NA;NA;NA;China;Shanghai;Changping;NA;679;NA;215;244
Zee_T.T.;徐振東;Chinese;Michigan;Michigan;M.S.E.;Master;Engineering;Engineering;1929;1929;1929;1929;1;1;1;1919-1935;1933;NA;Sin-Hua Trust & Savings Bank;NA;Company;Banking;China;Nanking;NA;NA;NA;Embankment building;215;244
Zhen_M.S.;陳明壽;Chinese;Columbia;New York;M.A.;NA;NA;NA;1915;1915;1914;1915;2;2;1;1909-1918;NA;NA;National Southern Railway (Shanghai-Hangchow Railway);N.S.R. Locomotive Dept.;Central Government;Administration;China;Shanghai;NA;NA;NA;Embankment building;215;244
Zung_Y.F.;鄭日孚;Chinese;Iowa State;Iowa;Ph.D.;Doctorate;Sciences;Sciences;1930;1930;1925;1930;6;4;1.5;1919-1935;NA;NA;NA;NA;NA;NA;China;Shanghai;Hankow;NA;302;NA;215;244